COMARCA,CULTIU,DATE,HA_R,HA_S,PROD(t)_R,PROD(t)_S,PROD(t/ha)_R,PROD(t/ha)_S,DATE2
Alt Camp,BLAT,01/04/2026,11.47885998987206,444.2968088463468,64.85297900873832,1750.079256706112,5.64977524475069,3.938986780594568,01/04
Alt Camp,BLAT,01/05/2026,11.478900239319746,358.78827973282216,69.70137500020506,1456.8339219083164,6.072130042689146,4.060427846174832,01/05
Alt Camp,BLAT,01/06/2026,11.478900239319746,384.1987180190014,68.3111904847732,1587.1016649163118,5.951022228660942,4.13093951249941,01/06
Alt Camp,BLAT,01/07/2026,11.478900239319746,398.6131866178528,65.98724800816954,1640.1746877174091,5.748568820394246,4.114702530626091,01/07
Alt Camp,BLAT DE MORO,01/05/2026,,25.0470354095363,,212.60340144751063,,8.488166282807464,01/05
Alt Camp,ORDI,01/04/2026,18.538970542090656,1471.749146471421,115.2237122879082,5724.442557369322,6.21521632100907,3.889550451647217,01/04
Alt Camp,ORDI,01/05/2026,16.601473167936767,1251.6840939617528,103.3745814880848,4859.460894787399,6.226831826451232,3.882338138057291,01/05
Alt Camp,ORDI,01/06/2026,11.62887835056798,1374.6138547203043,73.0758560431911,5380.953057102331,6.283998666098515,3.914519731213684,01/06
Alt Camp,ORDI,01/07/2026,12.349180516138505,1400.6033635343551,74.68798441686421,5373.92857882501,6.048011389845532,3.836866823783829,01/07
Alt Camp,AMETLLER,01/05/2026,363.9886979451617,1292.7843846110927,543.4454321534216,313.74632924275664,1.2732259446039549,0.2458290287830809,01/05
Alt Camp,AMETLLER,01/06/2026,363.9886979451617,1292.7843846110927,427.01122577900986,336.3314426134196,1.014175980288859,0.2665627232916771,01/06
Alt Camp,AMETLLER,01/07/2026,363.9886979451617,1292.7843846110927,365.15978364013006,173.76633645280273,0.8674986837645854,0.1372675759668662,01/07
Alt Camp,AMETLLER,01/08/2026,363.9886979451617,1292.7843846110927,332.5072764151637,129.35067673741236,0.7894572734487697,0.1052700196666459,01/08
Alt Empordà,BLAT,01/04/2026,1851.241145052726,2015.1005847445888,11362.777375642045,11724.463892544134,6.137923957669177,5.818302064574207,01/04
Alt Empordà,BLAT,01/05/2026,1658.0997213464373,1846.862464463695,10161.8479155745,10543.365781572917,6.128610833685389,5.708798562124966,01/05
Alt Empordà,BLAT,01/06/2026,1717.9319468917058,1856.1412771679268,11769.292469638449,11093.119331703669,6.85084906356908,5.976441269938992,01/06
Alt Empordà,BLAT,01/07/2026,1517.9983550078064,1803.176733812912,10427.286781674016,10335.997677842204,6.86910282035213,5.73210461516226,01/07
Alt Empordà,BLAT DE MORO,01/04/2026,1214.6118825282792,70.83471266036754,8591.61676017563,491.4041286136068,7.073549076674371,6.937334961316932,01/04
Alt Empordà,BLAT DE MORO,01/05/2026,1956.314575212612,693.7126859067473,13747.93221205066,4741.556330454589,7.027465002941327,6.835043421841036,01/05
Alt Empordà,BLAT DE MORO,01/06/2026,1184.5432873564366,76.64967385935465,8326.952067352553,524.9802069810604,7.029673086861976,6.849085984949558,01/06
Alt Empordà,BLAT DE MORO,01/07/2026,1586.527214937361,88.14006081145152,11374.834070124029,581.4676841441034,7.169643207521736,6.597087394663525,01/07
Alt Empordà,BLAT DE MORO,01/08/2026,1762.709935205924,100.55111734721008,13400.105252872663,717.8346262845613,7.601991107690235,7.139001984491408,01/08
Alt Empordà,ORDI,01/04/2026,2667.656032476668,4790.586028770317,19699.463820087607,27557.988540268885,7.384559171145653,5.752529727003498,01/04
Alt Empordà,ORDI,01/05/2026,2825.9175642981745,5084.311510482045,20643.657299129474,28304.012956347044,7.305116596441266,5.56693131370771,01/05
Alt Empordà,ORDI,01/06/2026,2982.6113481508164,5060.6581369372525,23475.13570212908,29766.150825740824,7.870665320402334,5.881873467895525,01/06
Alt Empordà,ORDI,01/07/2026,2581.014401278018,5139.987492170648,20707.634965952675,29848.839778692072,8.023060605821906,5.807181403487564,01/07
Alt Empordà,AMETLLER,01/05/2026,7.43126204266239,13.278531881779598,11.78176247992758,7.100117944742265,1.6243546921222496,0.4762558026218695,01/05
Alt Empordà,AMETLLER,01/06/2026,7.43126204266239,13.278531881779598,12.627704673183944,7.946888736791769,1.6796590044953563,0.5944254439957157,01/06
Alt Empordà,AMETLLER,01/07/2026,7.43126204266239,13.278531881779598,9.29297030604129,4.141205255250104,1.349038157854712,0.2799515615536161,01/07
Alt Empordà,AMETLLER,01/08/2026,7.43126204266239,13.278531881779598,8.537565409807328,4.194894335558928,1.135904833613434,0.321390082465634,01/08
Alt Penedès,BLAT,01/04/2026,,340.0384692104607,,1240.425113199184,,3.647896416188856,01/04
Alt Penedès,BLAT,01/05/2026,,258.6100611949442,,1035.5602010567195,,4.00433067558071,01/05
Alt Penedès,BLAT,01/06/2026,,283.17610899537164,,1197.2904054331996,,4.228077042519039,01/06
Alt Penedès,BLAT,01/07/2026,,291.91123756634573,,1295.0151752987204,,4.436332037420754,01/07
Alt Penedès,BLAT DE MORO,01/05/2026,,11.830399844173805,,100.41840106944676,,8.488166282807464,01/05
Alt Penedès,ORDI,01/04/2026,,557.1321272569509,,2016.8672187465115,,3.620087803366484,01/04
Alt Penedès,ORDI,01/05/2026,,421.7660845898328,,1613.016459234808,,3.8244337754266446,01/05
Alt Penedès,ORDI,01/06/2026,,458.2949053791426,,1813.1328394567447,,3.956257898954296,01/06
Alt Penedès,ORDI,01/07/2026,,479.7674138835664,,1948.990597489116,,4.062365515224658,01/07
Alt Penedès,AMETLLER,01/05/2026,1.359858375634227,44.44591799507208,1.912753683575468,14.21012481872,1.1716849759594947,0.2733311227819717,01/05
Alt Penedès,AMETLLER,01/06/2026,1.359858375634227,44.44591799507208,1.5622446564577728,16.500238322213566,0.951908314245824,0.343483894715298,01/06
Alt Penedès,AMETLLER,01/07/2026,1.359858375634227,44.44591799507208,1.4026489622857057,8.621318389256457,0.7947511866813611,0.1578248660693742,01/07
Alt Penedès,AMETLLER,01/08/2026,1.359858375634227,44.44591799507208,1.1352444197912668,6.042660619474609,0.6734065659478915,0.124312135116782,01/08
Alt Urgell,BLAT,01/04/2026,60.16197835848442,284.0590295474864,489.213074656913,1860.3332567401076,8.131598860360967,6.549107978379241,01/04
Alt Urgell,BLAT,01/05/2026,135.045290757438,397.6467426795026,1028.2478046383076,2448.4293687262966,7.614095973810724,6.157297686453563,01/05
Alt Urgell,BLAT,01/06/2026,77.15741110097183,402.30671890465095,543.6411884491051,2372.9608739227247,7.045871299876438,5.89838738061228,01/06
Alt Urgell,BLAT,01/07/2026,77.7773037716012,397.6954305378082,493.720084373932,2126.989041561934,6.347868342463729,5.348286347382924,01/07
Alt Urgell,BLAT DE MORO,01/04/2026,474.769807521486,10.416151909682602,4196.485680400067,93.75864250119304,8.838990209397748,9.001274493129971,01/04
Alt Urgell,BLAT DE MORO,01/05/2026,332.96265425997206,21.46939132607917,3003.9351209141046,189.1142607801808,9.02183798237228,8.80855250658462,01/05
Alt Urgell,BLAT DE MORO,01/06/2026,349.8862123236796,8.386545557577499,3121.2522995843524,74.70713716029896,8.92076392166286,8.907974880408155,01/06
Alt Urgell,BLAT DE MORO,01/07/2026,379.8926108075751,9.101416883072243,3393.801777751358,81.50101297767894,8.933581968169422,8.95476100312062,01/07
Alt Urgell,BLAT DE MORO,01/08/2026,456.5955982893651,8.477942503357216,4133.897582393234,77.90561783185707,9.05373945320734,9.189212807353544,01/08
Alt Urgell,ORDI,01/04/2026,254.1989776032136,673.6929745636262,1955.220453268235,3432.773378761695,7.691692829387354,5.095456696702558,01/04
Alt Urgell,ORDI,01/05/2026,297.81443762166566,877.7143493435678,2173.985005549704,4226.860614718807,7.299797225786172,4.81575881478983,01/05
Alt Urgell,ORDI,01/06/2026,307.1024160574054,908.9939891508892,2288.7417218749383,4676.675618351657,7.45269852076681,5.144891687039912,01/06
Alt Urgell,ORDI,01/07/2026,299.4663343731197,914.9591331509748,2072.8633143894526,4153.447544107375,6.921857572834116,4.539489681690545,01/07
Alt Urgell,AMETLLER,01/05/2026,0.803139472547991,5.3216492052255,1.6312005992983678,1.6317257269910954,2.084807295487943,0.3089781401185615,01/05
Alt Urgell,AMETLLER,01/06/2026,0.803139472547991,5.3216492052255,1.8306162280999,1.4348790725081912,2.2335860631020057,0.3264251519553803,01/06
Alt Urgell,AMETLLER,01/07/2026,0.803139472547991,5.3216492052255,1.334678723396569,0.6536694454977824,1.7563623078665709,0.1653927898645572,01/07
Alt Urgell,AMETLLER,01/08/2026,0.803139472547991,5.3216492052255,1.1811187213075458,0.6887596863855507,1.422152506817192,0.1527629284499485,01/08
Alta Ribagorça,BLAT DE MORO,01/05/2026,,3.724130280694665,,31.61103708137475,,8.488166282807462,01/05
Alta Ribagorça,BLAT DE MORO,01/07/2026,5.208266522852965,,44.23163691531186,,8.492583227304353,,01/07
Anoia,BLAT,01/04/2026,,6757.39561466945,,31868.139308993083,,4.716038711691142,01/04
Anoia,BLAT,01/05/2026,,7396.394515717536,,37223.566988031205,,5.032663807876951,01/05
Anoia,BLAT,01/06/2026,,7590.50995509645,,36917.68958383676,,4.863663943823608,01/06
Anoia,BLAT,01/07/2026,,7650.730481363672,,35121.005165693445,,4.590542726768941,01/07
Anoia,BLAT DE MORO,01/05/2026,,104.61563005474896,,887.9948636853791,,8.48816628280746,01/05
Anoia,ORDI,01/04/2026,6.935007328408039,10910.002952281382,45.60412460529258,49490.62972608826,6.575930268809277,4.536261808777908,01/04
Anoia,ORDI,01/05/2026,7.179517883408003,11286.430664255276,48.667305151133085,52685.59778216783,6.778631370722554,4.668047795573308,01/05
Anoia,ORDI,01/06/2026,6.785190800504592,11434.325647890992,46.27028931987498,54181.7801180183,6.8193055553329485,4.738519943063881,01/06
Anoia,ORDI,01/07/2026,6.371450685520669,11581.88938269606,42.20877242689532,51401.20800783412,6.624672230896511,4.438067599283946,01/07
Anoia,AMETLLER,01/05/2026,1.437028893686886,307.0033663511566,0.8328892061424668,109.533768930341,1.0997027504607293,0.3486129007181123,01/05
Anoia,AMETLLER,01/06/2026,1.437028893686886,307.0033663511566,0.7300575729643696,138.81734220714742,0.8496683430155871,0.4539868832214355,01/06
Anoia,AMETLLER,01/07/2026,1.437028893686886,307.0033663511566,0.4940516495799987,61.26093982740158,0.6658663042986994,0.2188972098503631,01/07
Anoia,AMETLLER,01/08/2026,1.437028893686886,307.0033663511566,0.3938465440116189,55.00089009679297,0.5671723204738899,0.1913754586898147,01/08
Bages,BLAT,01/04/2026,90.41080088950538,4683.288407669623,604.4705467590694,26654.068200834085,6.685822278002124,5.69131470895191,01/04
Bages,BLAT,01/05/2026,100.4839250353664,5095.516296788223,752.8454910803024,30106.01087691381,7.492198287590082,5.908333743508986,01/05
Bages,BLAT,01/06/2026,102.2025179975707,5145.229397367582,743.0345831633776,28645.778563758155,7.270217972330577,5.567444393910598,01/06
Bages,BLAT,01/07/2026,100.79201936743094,5168.76057818792,684.762714882471,25737.891181415165,6.793818788233739,4.9795092637930685,01/07
Bages,BLAT DE MORO,01/04/2026,6.368227106974753,7.35984162325794,43.86914975469907,61.52168129584207,6.888753968377121,8.359103965148725,01/04
Bages,BLAT DE MORO,01/05/2026,,58.054340204149526,,488.60742543090055,,8.416380648073863,01/05
Bages,BLAT DE MORO,01/06/2026,,7.359842430002599,,61.52168780884332,,8.359103933808212,01/06
Bages,BLAT DE MORO,01/07/2026,,7.359842430002599,,61.293368709372565,,8.328081652877303,01/07
Bages,BLAT DE MORO,01/08/2026,,7.359842430002599,,61.27154351818788,,8.325116210153189,01/08
Bages,ORDI,01/04/2026,162.41212694264536,9311.168981211107,1152.5247709183266,43733.18294789723,7.096297503235902,4.696852031806734,01/04
Bages,ORDI,01/05/2026,167.83648519496586,9440.813807262686,1187.3360389297084,44178.65893524821,7.074361915708907,4.679539268242127,01/05
Bages,ORDI,01/06/2026,171.2935838874621,9744.246895802287,1224.6863233334636,44981.10310590366,7.149633369444056,4.616170298936187,01/06
Bages,ORDI,01/07/2026,167.56589769041713,9787.144585060336,1123.453887184124,40132.63100775613,6.7045496886230245,4.100545430688425,01/07
Bages,AMETLLER,01/05/2026,0.964293628069237,87.6073034864708,1.6500278093150027,37.15363383826785,1.77427356902499,0.4189998758540447,01/05
Bages,AMETLLER,01/06/2026,0.964293628069237,87.6073034864708,1.3488967435384474,40.43059839148828,1.5587581436348898,0.4918608821706496,01/06
Bages,AMETLLER,01/07/2026,0.964293628069237,87.6073034864708,1.1846986974250366,17.06872438369843,1.2758266325228966,0.2378515337693835,01/07
Bages,AMETLLER,01/08/2026,0.964293628069237,87.6073034864708,1.05062576079188,16.53236825074808,1.18063131138687,0.2179094028653587,01/08
Baix Camp,BLAT,01/04/2026,32.09573080224039,22.31478782199824,101.84372799993317,60.593658624473285,3.173123822213268,2.7154037541302176,01/04
Baix Camp,BLAT,01/05/2026,31.474966842594394,27.26198923805417,100.6780726451111,79.22785335884026,3.1986712852979284,2.9061655283851606,01/05
Baix Camp,BLAT,01/06/2026,30.583282300480125,29.45970061967396,88.27321803429437,73.98028556052668,2.8863225721494445,2.5112368423432216,01/06
Baix Camp,BLAT,01/07/2026,31.474966842594394,30.24749077575588,91.62923982241966,77.26429101039379,2.911178279572317,2.5544033249965667,01/07
Baix Camp,BLAT DE MORO,01/04/2026,5.063865131911786,,30.0365250198175,,5.931541270823234,,01/04
Baix Camp,BLAT DE MORO,01/05/2026,1.850524623193337,1.674857137649801,15.70756071209467,14.21646588431846,8.488166282807464,8.488166282807464,01/05
Baix Camp,BLAT DE MORO,01/06/2026,5.295947618494864,,38.30857315729201,,7.233563455859765,,01/06
Baix Camp,ORDI,01/04/2026,49.26389292457938,200.41107933624195,320.4956612197815,847.0178076728225,6.505690926830421,4.226402105503003,01/04
Baix Camp,ORDI,01/05/2026,59.61007285370192,157.69149218934598,385.7327800996447,656.2278488066622,6.470932874823517,4.161466415820996,01/05
Baix Camp,ORDI,01/06/2026,59.99521477690384,234.8102831555735,365.89407553986985,868.4832168268769,6.098720988006645,3.6986592118347024,01/06
Baix Camp,ORDI,01/07/2026,59.83172869463281,232.0625688787736,354.39261174924576,796.3424300029174,5.923155146627686,3.431584998177436,01/07
Baix Camp,AMETLLER,01/05/2026,505.1116984346424,297.3467982456783,707.0101266725301,84.96012878648311,1.2163503589851647,0.2740418428465158,01/05
Baix Camp,AMETLLER,01/06/2026,505.1116984346424,297.3467982456783,569.0927577555346,103.59998252923874,0.968216448994826,0.3199469735125301,01/06
Baix Camp,AMETLLER,01/07/2026,505.1116984346424,297.3467982456783,494.83506860657127,47.4052914312602,0.7986325436293779,0.150301627428072,01/07
Baix Camp,AMETLLER,01/08/2026,505.1116984346424,297.3467982456783,453.569721678899,55.05806748617886,0.7411997545374575,0.1720543137776304,01/08
Baix Ebre,BLAT,01/04/2026,11.784008571582314,37.06358078630885,22.13362862935632,51.29219583766832,1.8782766912383788,1.3838974742725203,01/04
Baix Ebre,BLAT,01/05/2026,7.582029625828088,34.0066501320099,35.41373284071286,17.28986283130116,4.670745774993602,0.5084259332861045,01/05
Baix Ebre,BLAT,01/06/2026,9.60145679983695,34.0066501320099,23.083432583535927,13.89436056096718,2.4041593963041032,0.4085777489705946,01/06
Baix Ebre,BLAT,01/07/2026,9.56343351481555,34.0066501320099,23.78341421919841,9.354125264555949,2.4869116497075496,0.2750675302696475,01/07
Baix Ebre,BLAT DE MORO,01/04/2026,8.639347016781,,76.09633406372826,,8.808111760752212,,01/04
Baix Ebre,BLAT DE MORO,01/05/2026,31.92489879713576,8.38869889103309,278.7737925830432,73.11269633644321,8.732174668884282,8.71561815320316,01/05
Baix Ebre,BLAT DE MORO,01/06/2026,9.612630973502226,,84.66838023032359,,8.808033977764971,,01/06
Baix Ebre,BLAT DE MORO,01/07/2026,13.252486818309649,,118.03317423316332,,8.906492483364598,,01/07
Baix Ebre,BLAT DE MORO,01/08/2026,20.619394525004186,,170.6084716305605,,8.274174657440668,,01/08
Baix Ebre,ORDI,01/04/2026,30.64566776099744,110.7881377342915,198.29244040863583,435.0055885128133,6.470488486499924,3.926463585443669,01/04
Baix Ebre,ORDI,01/05/2026,33.296818983057456,84.83176846959425,224.27064119146695,332.34640409581647,6.735497505199624,3.917711608416338,01/05
Baix Ebre,ORDI,01/06/2026,30.645688070751845,109.491723990368,227.13843299839525,510.1056176329458,7.411758302636236,4.658850907104356,01/06
Baix Ebre,ORDI,01/07/2026,31.20746491004076,109.85312744536834,220.12722338267335,473.9556184109014,7.053672062668863,4.314448112973451,01/07
Baix Ebre,AMETLLER,01/05/2026,286.190100324863,612.2076703943488,465.9924642938955,174.07530232664462,1.3894117994558832,0.27627673179312,01/05
Baix Ebre,AMETLLER,01/06/2026,286.190100324863,612.2076703943488,416.6724660440209,220.84836970636147,1.245665999631163,0.3522632604278041,01/06
Baix Ebre,AMETLLER,01/07/2026,286.190100324863,612.2076703943488,324.84152289212506,102.13797000865036,0.9827805609236424,0.1683622910658316,01/07
Baix Ebre,AMETLLER,01/08/2026,286.190100324863,612.2076703943488,290.40180866613736,87.64496482538706,0.8917829339701608,0.1460596475663424,01/08
Baix Empordà,BLAT,01/04/2026,772.7661521732603,1665.130972665822,4368.26759560232,7956.08551606267,5.65276776592425,4.778053886851453,01/04
Baix Empordà,BLAT,01/05/2026,641.8970610850363,1533.6448868782109,3770.997227194164,7687.72063242393,5.8747694230284,5.012712328779422,01/05
Baix Empordà,BLAT,01/06/2026,608.0491437059942,1568.1187107722776,3457.155870454099,7423.001538855932,5.6856520665140735,4.733698723102539,01/06
Baix Empordà,BLAT,01/07/2026,576.8487990924353,1562.5518498628655,3273.037704777571,7167.003286592575,5.673995871928813,4.58672989777688,01/07
Baix Empordà,BLAT DE MORO,01/04/2026,2292.7041907196203,143.16309433556304,18399.537279900836,1147.6948304294074,8.02525565852684,8.016694775675223,01/04
Baix Empordà,BLAT DE MORO,01/05/2026,2460.932254441408,529.2920337866968,19769.068067405533,4160.045002593071,8.03316224236851,7.859640306374906,01/05
Baix Empordà,BLAT DE MORO,01/06/2026,2558.44806164366,168.6364879413776,20401.67911487892,1336.925751845434,7.974240095291198,7.92785575746919,01/06
Baix Empordà,BLAT DE MORO,01/07/2026,2467.5072859238653,159.74715813282884,19963.48718040486,1283.630604701031,8.090548422810548,8.035389297089715,01/07
Baix Empordà,BLAT DE MORO,01/08/2026,2482.3231161919093,161.80354149013232,21403.83283179751,1364.0084683128523,8.622500709993295,8.430028513288365,01/08
Baix Empordà,ORDI,01/04/2026,836.4492666574411,3546.349495643301,6106.588252271179,18131.95864519231,7.300608053222273,5.112851586530731,01/04
Baix Empordà,ORDI,01/05/2026,1102.7372785546415,3349.9936972684022,8142.300807840128,17225.923882737272,7.38371774146626,5.14207650503443,01/05
Baix Empordà,ORDI,01/06/2026,1047.9798826363108,3410.3857706920544,7691.090110286129,16966.29520997716,7.338967319619084,4.974890335216905,01/06
Baix Empordà,ORDI,01/07/2026,985.5822541182498,3438.169983892326,7171.570807320563,16656.75133420048,7.276481265114298,4.844656143307812,01/07
Baix Empordà,AMETLLER,01/05/2026,25.07624605577776,3.861361517211929,52.8775158836172,2.1969791877061526,1.6450763270172968,0.6013844900871205,01/05
Baix Empordà,AMETLLER,01/06/2026,25.07624605577776,3.861361517211929,53.11315624795287,2.4963168683448496,1.5979508385381669,0.7203921845717564,01/06
Baix Empordà,AMETLLER,01/07/2026,25.07624605577776,3.861361517211929,48.03871320662136,1.122883712700249,1.3184182283601893,0.408451431763067,01/07
Baix Empordà,AMETLLER,01/08/2026,25.07624605577776,3.861361517211929,41.70816969434159,1.2948164773410746,1.1808025464110168,0.4489289386460515,01/08
Baix Llobregat,BLAT,01/04/2026,2.475090626886024,52.099430193545146,6.935631158147058,147.245652358386,2.802172608472505,2.826243047407244,01/04
Baix Llobregat,BLAT,01/05/2026,2.475090626886024,51.68700894666913,5.441327462375092,126.78393109869909,2.198435646463971,2.452916771204835,01/05
Baix Llobregat,BLAT,01/06/2026,1.032903090600859,53.02819746178816,2.4213597302877985,152.8607632979788,2.3442274036369164,2.882631705671864,01/06
Baix Llobregat,BLAT,01/07/2026,,55.784637584830726,,186.31547080560304,,3.339906448657596,01/07
Baix Llobregat,BLAT DE MORO,01/04/2026,26.03083095949501,,191.12009516388693,,7.342066623277499,,01/04
Baix Llobregat,BLAT DE MORO,01/05/2026,5.886309023969448,1.043423126208455,49.96396978744278,8.856748998584164,8.488166282807462,8.488166282807464,01/05
Baix Llobregat,ORDI,01/04/2026,,165.91997596951447,,692.7335808331308,,4.175106564386263,01/04
Baix Llobregat,ORDI,01/05/2026,,194.36599027958763,,774.7587618875242,,3.9860819311704954,01/05
Baix Llobregat,ORDI,01/06/2026,,240.79031833904864,,1056.7042526655812,,4.388483141492724,01/06
Baix Llobregat,ORDI,01/07/2026,1.934995365470195,236.7209348263666,9.256932287551164,1054.335449189913,4.783955792732233,4.453917225205546,01/07
Baix Llobregat,AMETLLER,01/05/2026,0.179539610411606,11.328213142636876,0.4379440511477088,2.847733316085203,1.639160940892278,0.3007536503273362,01/05
Baix Llobregat,AMETLLER,01/06/2026,0.179539610411606,11.328213142636876,0.41316896710628,3.4346684343866287,1.6285398239922957,0.3799495278168842,01/06
Baix Llobregat,AMETLLER,01/07/2026,0.179539610411606,11.328213142636876,0.3530035011626879,1.572588054715328,1.220417449745252,0.170501024229566,01/07
Baix Llobregat,AMETLLER,01/08/2026,0.179539610411606,11.328213142636876,0.3321888932782788,1.6020251493756168,1.132301700180277,0.1948153199165852,01/08
Baix Penedès,BLAT,01/04/2026,2.858365933451331,70.15960674349047,9.501823602457938,159.76183893509628,3.324215241743023,2.277119931974523,01/04
Baix Penedès,BLAT,01/05/2026,2.858365933446386,69.08808791108177,11.070325043728326,197.4656273140979,3.872955843124196,2.8581718395252373,01/05
Baix Penedès,BLAT,01/06/2026,2.858365933446386,73.6081754219893,11.341232726686776,231.39786489043985,3.967732960283513,3.143643536385135,01/06
Baix Penedès,BLAT,01/07/2026,2.858365933446386,72.2172359557921,11.467696381909017,239.5486397433094,4.01197630006813,3.317056331122247,01/07
Baix Penedès,BLAT DE MORO,01/06/2026,1.49716535254155,,12.622495727823784,,8.430929627376266,,01/06
Baix Penedès,BLAT DE MORO,01/08/2026,1.49716535254155,,13.014417515644388,,8.692705514158101,,01/08
Baix Penedès,ORDI,01/04/2026,16.476511067061505,376.5404148143774,95.5208305683322,1268.987271019416,5.797394252918607,3.3701223589637443,01/04
Baix Penedès,ORDI,01/05/2026,13.755395616196394,373.2181296035678,81.94804064908188,1307.625529916152,5.957519720668124,3.50364954485226,01/05
Baix Penedès,ORDI,01/06/2026,14.979345766556117,382.934414665133,90.14043493917104,1412.3408484635472,6.01764832349518,3.6882055891962735,01/06
Baix Penedès,ORDI,01/07/2026,15.876431119969803,381.9300861940234,91.77431175422272,1391.9504590820989,5.780537896756061,3.6445163902981386,01/07
Baix Penedès,AMETLLER,01/05/2026,34.756736055011054,82.850811242543,60.638782560154816,17.18061792035218,1.190173401312596,0.2187872405755866,01/05
Baix Penedès,AMETLLER,01/06/2026,34.756736055011054,82.850811242543,55.278650857976494,16.97009614553536,0.98435617407195,0.2274293336073561,01/06
Baix Penedès,AMETLLER,01/07/2026,34.756736055011054,82.850811242543,43.37314104579337,9.397475910219278,0.8206800154679252,0.1222989748613243,01/07
Baix Penedès,AMETLLER,01/08/2026,34.756736055011054,82.850811242543,36.461315919374925,2.745148581877104,0.6824589108124085,0.0518383232033898,01/08
Barcelonès,ORDI,01/04/2026,12.567686423594616,,73.22687160661702,,5.826599195627659,,01/04
Barcelonès,ORDI,01/05/2026,12.567692289795596,,68.63819835309897,,5.461479862045167,,01/05
Barcelonès,ORDI,01/06/2026,12.567692289795596,,68.65418605069657,,5.462751988799144,,01/06
Barcelonès,ORDI,01/07/2026,12.567692289795596,,69.14744542051035,,5.502000194312124,,01/07
Berguedà,BLAT,01/04/2026,1.4172594327401349,2505.3432302867527,11.273167153746636,15282.23265731232,7.954201533837069,6.099855889032486,01/04
Berguedà,BLAT,01/05/2026,1.4172594327401349,2374.61833341812,10.811224524527889,14211.595623380505,7.6282607649507215,5.984791502440633,01/05
Berguedà,BLAT,01/06/2026,1.4172594327401349,2442.508070976158,10.281589952200733,14071.382821488569,7.254557432948084,5.76103841321797,01/06
Berguedà,BLAT,01/07/2026,1.4172594327401349,2445.632808227837,9.337857290460294,13070.064684077426,6.588671823059554,5.3442465443323455,01/07
Berguedà,BLAT DE MORO,01/04/2026,,1.55755689905357,,10.398487666927556,,6.676152680679638,01/04
Berguedà,BLAT DE MORO,01/05/2026,,13.944187588931385,,72.30450904753441,,5.185279428177535,01/05
Berguedà,BLAT DE MORO,01/08/2026,,3.0210565047537377,,16.783682998288437,,5.555567389050395,01/08
Berguedà,ORDI,01/04/2026,10.067777854109796,3769.437873195984,84.42496573739648,20859.25815193922,8.385660367241131,5.533784838388471,01/04
Berguedà,ORDI,01/05/2026,4.297443643653751,3545.475004721684,34.78882088474584,19175.909181644845,8.095236091372653,5.40855855875654,01/05
Berguedà,ORDI,01/06/2026,4.297443643653751,3627.996597597479,34.322245590530336,19586.25508674479,7.986665663717477,5.398642076928943,01/06
Berguedà,ORDI,01/07/2026,4.297443643653751,3668.208886287196,31.15400824311357,18165.41374370284,7.249427991713223,4.952120859749917,01/07
Cerdanya,BLAT,01/04/2026,177.69037175421346,283.0343756814031,1009.9400411859468,1389.5491591871332,5.68370717679023,4.909471352523184,01/04
Cerdanya,BLAT,01/05/2026,204.957869161934,373.00755403209297,1171.4984630002425,1744.069251183039,5.715801339028655,4.675694184555259,01/05
Cerdanya,BLAT,01/06/2026,222.31598252898823,410.10691433885376,1520.4795108177575,2277.229085143958,6.839272163527421,5.552769303622083,01/06
Cerdanya,BLAT,01/07/2026,214.2543855608565,394.05968831895,1492.2303323195292,2158.913315013892,6.96475980369456,5.47864544131314,01/07
Cerdanya,BLAT DE MORO,01/04/2026,36.15360808334472,13.717929005410785,262.45450423268977,95.759969851707,7.259427707122753,6.980643347398594,01/04
Cerdanya,BLAT DE MORO,01/05/2026,85.7033138782935,20.82083493682173,663.1825484606665,150.87062009284938,7.738120248214041,7.246136888873465,01/05
Cerdanya,BLAT DE MORO,01/06/2026,38.060136101429,8.356394350401539,281.4291635322907,61.15056660936326,7.39432887949458,7.317817236141432,01/06
Cerdanya,BLAT DE MORO,01/07/2026,25.863005448642845,8.108165110664245,192.7928050776452,59.3869954758835,7.454385201305438,7.324344616240595,01/07
Cerdanya,BLAT DE MORO,01/08/2026,31.82368753016464,7.15588985759649,250.3128659892241,56.34072684085661,7.8656147485096,7.873336225409742,01/08
Cerdanya,ORDI,01/04/2026,43.86245362497744,99.61363402243408,220.08972786360664,288.3890068998117,5.017724948662623,2.8950756563590816,01/04
Cerdanya,ORDI,01/05/2026,53.34626727770704,105.31288956972274,275.95270131214903,296.9545761174697,5.172858672109331,2.8197362861349458,01/05
Cerdanya,ORDI,01/06/2026,56.4355016110766,128.15860413809477,319.03568373036103,396.2566812433823,5.653102650331434,3.091924135006993,01/06
Cerdanya,ORDI,01/07/2026,52.34246886385078,123.31411658419432,269.3756176302668,328.752014848234,5.146406416765437,2.6659722662309653,01/07
Conca de Barberà,BLAT,01/04/2026,4.600089285006874,5868.418969369739,27.096203748913144,26664.83312604104,5.890364745142693,4.543784836293788,01/04
Conca de Barberà,BLAT,01/05/2026,3.197161466679006,5592.66446987809,20.627765201210742,27126.352325218555,6.451899729242473,4.850345031660707,01/05
Conca de Barberà,BLAT,01/06/2026,6.204099691522355,5722.444034996683,39.81474674063667,28904.71334664449,6.417489840635842,5.051113330226085,01/06
Conca de Barberà,BLAT,01/07/2026,6.204099691522355,5713.368573581998,41.36642232967714,29184.20027454505,6.667594717441863,5.108054888930089,01/07
Conca de Barberà,BLAT DE MORO,01/05/2026,2.318447167495976,105.48953975738488,19.67936507560981,895.4127545575119,8.488166282807464,8.488166282807464,01/05
Conca de Barberà,ORDI,01/04/2026,12.10447619855779,9028.555919123986,78.45972128992871,39081.39151171267,6.481876621747328,4.328642571613448,01/04
Conca de Barberà,ORDI,01/05/2026,11.621860228103122,9030.467892701226,77.4563210710961,40106.33987920042,6.664709396848274,4.441225012451007,01/05
Conca de Barberà,ORDI,01/06/2026,12.089367761254469,9115.090105067447,82.78053424072944,43049.01682633229,6.847383244145732,4.722829542014028,01/06
Conca de Barberà,ORDI,01/07/2026,12.089367761254469,9132.203386839285,83.71738806862736,42430.45055119632,6.92487727413963,4.646244586749374,01/07
Conca de Barberà,AMETLLER,01/05/2026,12.818251896042929,467.57342870179616,19.50772879451961,106.97216911580658,1.3845513540737506,0.2227129178629981,01/05
Conca de Barberà,AMETLLER,01/06/2026,12.818251896042929,467.57342870179616,23.947092888636515,119.0402894360444,1.408352678481931,0.2472855983617821,01/06
Conca de Barberà,AMETLLER,01/07/2026,12.818251896042929,467.57342870179616,14.951156895722493,54.84484825857693,1.0957677565809365,0.1218966605484626,01/07
Conca de Barberà,AMETLLER,01/08/2026,12.818251896042929,467.57342870179616,13.29451068248942,33.387083797257986,0.9579650969616108,0.0749656190235528,01/08
Garraf,BLAT,01/04/2026,,11.466179191717842,,30.078432649625977,,2.6232306461207227,01/04
Garraf,BLAT,01/05/2026,,13.969188819026716,,20.91367632529068,,1.4971289024889711,01/05
Garraf,BLAT,01/06/2026,,17.15625367023147,,35.799931571309884,,2.086698661574807,01/06
Garraf,BLAT,01/07/2026,,17.15625367023147,,40.2280559384802,,2.3448042161023515,01/07
Garraf,ORDI,01/04/2026,,40.4391473735846,,109.85575410999814,,2.716569493790994,01/04
Garraf,ORDI,01/05/2026,,7.220389549817842,,20.11790343019347,,2.7862628867027,01/05
Garraf,ORDI,01/06/2026,,7.283964900856667,,21.899337705197507,,3.006513348605225,01/06
Garraf,ORDI,01/07/2026,,7.273124166173681,,23.94969509264439,,3.292903372120497,01/07
Garraf,AMETLLER,01/05/2026,0.346537059054743,4.088010735475762,0.4880263713891,1.1346855202637514,1.4082948955598014,0.2129872097045508,01/05
Garraf,AMETLLER,01/06/2026,0.346537059054743,4.088010735475762,0.4317072883828781,1.4910229591317712,1.2457752413564536,0.2411589856628219,01/06
Garraf,AMETLLER,01/07/2026,0.346537059054743,4.088010735475762,0.3789969816409615,0.9790974160706976,1.0936694120818138,0.1447136775183264,01/07
Garraf,AMETLLER,01/08/2026,0.346537059054743,4.088010735475762,0.3199733648877852,0.775912976360915,0.9233453003860074,0.0974726157801706,01/08
Garrigues,BLAT,01/04/2026,1193.939143313579,666.4858549498672,8475.588581468866,3346.549686838928,7.098844718287973,5.021186364248727,01/04
Garrigues,BLAT,01/05/2026,1138.2037584108782,690.7082465681378,8721.34957483159,3726.970303241539,7.662379877402659,5.39586767895043,01/05
Garrigues,BLAT,01/06/2026,1115.743392966415,747.9283258540411,8986.941964902197,4258.335863922026,8.054667427614076,5.693507942836014,01/06
Garrigues,BLAT,01/07/2026,1103.1158658539907,758.1465148255586,8924.094293534876,4429.186086344051,8.089897507390285,5.842124180130485,01/07
Garrigues,BLAT DE MORO,01/04/2026,1161.8175659108051,3.838444264301897,11413.134732351034,36.253502339217405,9.823517105634156,9.444842713070075,01/04
Garrigues,BLAT DE MORO,01/05/2026,937.3681153560864,66.33877412239447,9216.923193701938,608.8800441966627,9.832472704300466,9.178343318091532,01/05
Garrigues,BLAT DE MORO,01/06/2026,1205.8156521811122,6.586917349262712,11835.92516536595,61.54423375587517,9.815472121560546,9.343404584052347,01/06
Garrigues,BLAT DE MORO,01/07/2026,1211.2856038264192,4.99867036223223,12062.69056526191,47.74532140793375,9.958584934185785,9.551604316355116,01/07
Garrigues,BLAT DE MORO,01/08/2026,1236.9020876930522,5.122325522215829,12981.947804028154,52.23598641634006,10.49553390943078,10.197709261113824,01/08
Garrigues,ORDI,01/04/2026,1124.2512535257729,2509.773384440898,7497.357581801443,9329.16971662312,6.66875625736589,3.717136285872829,01/04
Garrigues,ORDI,01/05/2026,1175.226873552289,2469.030104849372,7774.581369616254,9597.040911402748,6.615387670736704,3.886967960639036,01/05
Garrigues,ORDI,01/06/2026,1134.9873732570156,2718.785666363838,8387.767142279632,11703.032873321488,7.390185424010208,4.304507346095205,01/06
Garrigues,ORDI,01/07/2026,1094.7100149573544,2738.640324932697,8008.22775744783,11589.653526044514,7.31538731538854,4.23190056048318,01/07
Garrigues,AMETLLER,01/05/2026,1943.7662755969932,3286.333844437632,2863.680460065078,773.1763624117762,1.2930925700483238,0.2435298630288797,01/05
Garrigues,AMETLLER,01/06/2026,1943.7662755969932,3286.333844437632,2589.66315560619,963.1545487586797,1.14917828858642,0.2987483999204232,01/06
Garrigues,AMETLLER,01/07/2026,1943.7662755969932,3286.333844437632,2299.691626876693,531.775539730442,0.9954016656536756,0.1717539062387834,01/07
Garrigues,AMETLLER,01/08/2026,1943.7662755969932,3286.333844437632,2027.0250949829208,283.8674248305965,0.8806778113247499,0.102816580619561,01/08
Garrotxa,BLAT,01/04/2026,263.8600277279325,779.8718046805733,2539.827816492465,6305.4289429546825,9.625663418451904,8.085212088847493,01/04
Garrotxa,BLAT,01/05/2026,313.50712590677364,724.6471371784672,2936.0050816181547,5741.474832848503,9.365034600493336,7.923131877956325,01/05
Garrotxa,BLAT,01/06/2026,307.31465698247223,739.5067115316882,2923.0217713420434,5973.265216912551,9.511494830878693,8.077364442765568,01/06
Garrotxa,BLAT,01/07/2026,301.9558352764187,745.6093876800933,2904.931698017307,6146.05669729918,9.620386025519434,8.242998007874025,01/07
Garrotxa,BLAT DE MORO,01/04/2026,644.9868946280282,404.9364495214107,6221.687896043813,3794.4386010740513,9.646223741696236,9.370454562829924,01/04
Garrotxa,BLAT DE MORO,01/05/2026,630.6482385039693,597.888290177123,6173.906192076571,5726.291704927387,9.789777906495669,9.57752777401107,01/05
Garrotxa,BLAT DE MORO,01/06/2026,656.933133302381,419.3031127085665,6406.315451472138,3994.550468082852,9.751853159343332,9.526641579833043,01/06
Garrotxa,BLAT DE MORO,01/07/2026,633.1052309871694,411.35413117940055,6226.347941102862,3950.7309292672335,9.834617748133956,9.60420870926961,01/07
Garrotxa,BLAT DE MORO,01/08/2026,649.4448617261135,422.7381361875299,6180.955406663159,3857.615812466482,9.51729049058181,9.125308275369823,01/08
Garrotxa,ORDI,01/04/2026,138.10163437895022,754.5547209212428,1310.2033264182012,5284.676580836861,9.487239831087075,7.003702229024226,01/04
Garrotxa,ORDI,01/05/2026,155.63292641107623,793.1239108114606,1430.6180179418202,5289.754403826251,9.19225803261645,6.669518257764035,01/05
Garrotxa,ORDI,01/06/2026,186.55357458259053,823.970106835817,1782.4099342721715,5681.216519749374,9.55441319342325,6.894930377469878,01/06
Garrotxa,ORDI,01/07/2026,181.93028477178737,821.7516014399419,1758.3640756168425,5838.887054232957,9.665043276453543,7.1054160941111295,01/07
Gironès,BLAT,01/04/2026,697.7688794494851,1856.5661933755648,5805.054144159217,12976.16338286996,8.319451203870253,6.989335165732501,01/04
Gironès,BLAT,01/05/2026,637.1966054468509,1558.000992811043,5171.022833943476,10644.041025023129,8.115270529913072,6.8318576651344,01/05
Gironès,BLAT,01/06/2026,623.2993266057872,1645.1194780531205,4762.797071666672,10630.411402001497,7.641267796008639,6.461786845160825,01/06
Gironès,BLAT,01/07/2026,619.2078175566138,1650.2075745797408,4782.989414064311,10742.717404264124,7.724368585877883,6.509918854905256,01/07
Gironès,BLAT DE MORO,01/04/2026,772.212548210308,185.8816297116253,7070.207644185571,1745.0477160744322,9.15577927420578,9.387951454813903,01/04
Gironès,BLAT DE MORO,01/05/2026,854.825078751452,491.8546726250868,7890.776259302553,4570.205307370112,9.224657276441258,9.276944168063256,01/05
Gironès,BLAT DE MORO,01/06/2026,792.150936876519,185.1877806735796,7277.000116012995,1733.239029809105,9.18638074797523,9.359359583579604,01/06
Gironès,BLAT DE MORO,01/07/2026,833.8028518500827,179.97543411556416,7623.925259857728,1699.7180570886253,9.143558627727632,9.44416700779962,01/07
Gironès,BLAT DE MORO,01/08/2026,840.8158035711903,183.3241773032721,7667.45992405552,1742.260302559282,9.119072086287602,9.503712648207175,01/08
Gironès,ORDI,01/04/2026,612.0370414223182,2323.486924080048,5152.278369124501,13750.565433864109,8.418245989084381,5.917443164097092,01/04
Gironès,ORDI,01/05/2026,737.2315941162237,2076.6098064060334,5914.2082023882085,11655.49320423105,8.022184954617993,5.612108066140272,01/05
Gironès,ORDI,01/06/2026,726.0580200196953,2201.097375953302,5858.1556808813975,12431.913043927929,8.06844015127398,5.647375074239933,01/06
Gironès,ORDI,01/07/2026,706.971308175806,2191.379647032508,5728.91274180887,12438.034167492657,8.103458620677477,5.675891981718375,01/07
Gironès,AMETLLER,01/05/2026,0.028447076447574,0.75844859958749,0.0518942381881657,0.3990910936049524,1.8242380120784372,0.5261939883889465,01/05
Gironès,AMETLLER,01/06/2026,0.028447076447574,0.75844859958749,0.0511702933982016,0.4368066808392066,1.7987891828710392,0.5759212701780713,01/06
Gironès,AMETLLER,01/07/2026,0.028447076447574,0.75844859958749,0.0437646122418031,0.4635484343402439,1.5384572935801784,0.6111797616771416,01/07
Gironès,AMETLLER,01/08/2026,0.028447076447574,0.75844859958749,0.0385749991305987,0.2211836021263231,1.3560268381775455,0.2916263570749843,01/08
Lluçanès,BLAT,01/04/2026,,1228.0672840244256,,7093.131548062226,,5.775849288011119,01/04
Lluçanès,BLAT,01/05/2026,,1152.7998102014449,,6601.656532389228,,5.726628746786164,01/05
Lluçanès,BLAT,01/06/2026,,1178.7090469750754,,5981.358925759064,,5.074499887066315,01/06
Lluçanès,BLAT,01/07/2026,,1180.292588151952,,5436.561740345971,,4.606113598373341,01/07
Lluçanès,BLAT DE MORO,01/05/2026,,170.64233482969402,,1448.4405129209506,,8.488166282807464,01/05
Lluçanès,BLAT DE MORO,01/06/2026,,18.312069726810403,,154.38777119834583,,8.430929627376266,01/06
Lluçanès,BLAT DE MORO,01/07/2026,,1.160930325934112,,9.859297414097014,,8.492583227304353,01/07
Lluçanès,BLAT DE MORO,01/08/2026,,19.55176481270438,,169.9577337989177,,8.692705514158101,01/08
Lluçanès,ORDI,01/04/2026,4.613709415787556,1644.4720411667497,27.504822872454568,8866.411985084445,5.961542089828282,5.39164653647364,01/04
Lluçanès,ORDI,01/05/2026,4.613731747658103,1470.5204045466585,26.95886491683458,7838.973458657663,5.843179966091159,5.330747832141991,01/05
Lluçanès,ORDI,01/06/2026,4.613731747658103,1537.0337524877934,26.08736333755806,7591.4896186189535,5.654286977304178,4.939051993055854,01/06
Lluçanès,ORDI,01/07/2026,4.613731747658103,1524.5516968067045,23.88832042961681,6826.562892298884,5.177656989213201,4.477751004834841,01/07
Lluçanès,AMETLLER,01/05/2026,,0.011296986440151,,0.002684674659589,,0.2376452051006565,01/05
Lluçanès,AMETLLER,01/06/2026,,0.011296986440151,,0.0036311078381276,,0.3214226959875085,01/06
Lluçanès,AMETLLER,01/07/2026,,0.011296986440151,,0.001242525993807,,0.1099873847233197,01/07
Lluçanès,AMETLLER,01/08/2026,,0.011296986440151,,0.000676149658984,,0.0598522147978295,01/08
Maresme,BLAT,01/04/2026,76.91256736373093,38.1169624980385,485.1940000552602,168.12150383502205,6.308383879070189,4.4106742200056885,01/04
Maresme,BLAT,01/05/2026,83.89248707570553,34.17560782552072,481.96459043365365,141.61960402224517,5.745026846071727,4.143879598141058,01/05
Maresme,BLAT,01/06/2026,85.15212736421303,38.439224327765785,439.58242995951406,131.23012209635132,5.162318823572432,3.4139638452995507,01/06
Maresme,BLAT,01/07/2026,88.0768746599524,35.57537405205953,475.537754105254,134.65445398651244,5.399121573525541,3.785046751425991,01/07
Maresme,BLAT DE MORO,01/04/2026,102.56562518559714,13.912170291399113,843.4826171254398,118.23769277230453,8.223833429563946,8.498867559535434,01/04
Maresme,BLAT DE MORO,01/05/2026,125.6600244021719,34.17654528864629,1066.1324558596864,294.06160105523065,8.484261092036357,8.604193272657087,01/05
Maresme,BLAT DE MORO,01/06/2026,95.41166115424716,17.156414388395046,813.9311743572174,144.40239461588146,8.530730568052645,8.416816669662529,01/06
Maresme,BLAT DE MORO,01/07/2026,92.6582343972578,15.76977340080131,814.0767741888268,136.3848711355128,8.785800630504127,8.648499104532641,01/07
Maresme,BLAT DE MORO,01/08/2026,97.41054179484178,16.629865884560136,856.0293980296716,136.6897705945668,8.787851727922545,8.219535355451983,01/08
Maresme,ORDI,01/04/2026,109.0842184935387,63.31163217652405,898.6429212399303,377.2779381107949,8.238065355834758,5.959061947082286,01/04
Maresme,ORDI,01/05/2026,97.40118952182408,57.05373115364227,758.5536862882526,315.6190283950057,7.787930414528336,5.531961223448518,01/05
Maresme,ORDI,01/06/2026,111.44407883606551,55.555736868513165,819.155185230123,268.75516646510715,7.350369744049857,4.837577208294166,01/06
Maresme,ORDI,01/07/2026,107.76996351978212,58.78031125547853,799.0938287126191,281.487880423296,7.414810236675439,4.788812349085006,01/07
Maresme,AMETLLER,01/05/2026,6.302714582865504,0.235569031032448,9.164939437692674,0.0670303965914326,1.4732608548649695,0.2967303181747052,01/05
Maresme,AMETLLER,01/06/2026,6.302714582865504,0.235569031032448,7.667264268911424,0.0629002625625071,1.242592974476045,0.3135405734179942,01/06
Maresme,AMETLLER,01/07/2026,6.302714582865504,0.235569031032448,6.063944210663367,0.0346306783496749,0.9271646296550624,0.1551544216020101,01/07
Maresme,AMETLLER,01/08/2026,6.302714582865504,0.235569031032448,5.968413293057623,0.0232240372602225,0.9302674396666588,0.154366167833331,01/08
Moianès,BLAT,01/04/2026,1.712998537582198,494.2875949802512,8.46973620177297,2274.345591766109,4.944391962953763,4.601259701564994,01/04
Moianès,BLAT,01/05/2026,1.71298031712442,549.5119018059312,7.920448758651356,2672.305117842238,4.623782701687672,4.863052299795328,01/05
Moianès,BLAT,01/06/2026,1.71298031712442,586.684311543835,7.628104795061183,2576.547540905773,4.453118765466309,4.391710312017203,01/06
Moianès,BLAT,01/07/2026,1.71298031712442,574.7809073140729,7.761159504878117,2421.4101631571657,4.530793160488133,4.212753298421678,01/07
Moianès,BLAT DE MORO,01/05/2026,,50.6293691827874,,905.8061979472988,,17.890924034172013,01/05
Moianès,BLAT DE MORO,01/06/2026,32.95269381148029,,288.5260479017504,,8.755765144797715,,01/06
Moianès,BLAT DE MORO,01/07/2026,32.85427201148066,,286.68327248112155,,8.725905488970882,,01/07
Moianès,BLAT DE MORO,01/08/2026,32.85427201148066,,287.17599787309814,,8.74090278952907,,01/08
Moianès,ORDI,01/04/2026,1.895903725565369,944.2664673046972,10.339542951536298,4309.715778146958,5.453622360730891,4.564088556960578,01/04
Moianès,ORDI,01/05/2026,9.013403416820744,938.5191531466252,53.75842478474185,4236.10042512132,5.964275900978569,4.513600400075706,01/05
Moianès,ORDI,01/06/2026,9.013403416820744,1099.8567326295754,55.43046231285739,4944.185565005804,6.14978158077486,4.495299631602995,01/06
Moianès,ORDI,01/07/2026,9.013403416820744,1083.16589737222,54.62641967397612,4512.9274037376645,6.060576360316095,4.166423088731014,01/07
Moianès,AMETLLER,01/05/2026,,1.745187277522025,,0.548796928254108,,0.4934124690399125,01/05
Moianès,AMETLLER,01/06/2026,,1.745187277522025,,0.5962642386495849,,0.5784539492089841,01/06
Moianès,AMETLLER,01/07/2026,,1.745187277522025,,0.3051904515152251,,0.3798928955797703,01/07
Moianès,AMETLLER,01/08/2026,,1.745187277522025,,0.3607823767706097,,0.3332796710681915,01/08
Montsià,BLAT,01/04/2026,,2.648341786206846,,10.501214095791264,,3.965203490910397,01/04
Montsià,BLAT,01/05/2026,3.068850030000097,4.868576909036689,12.416681929187147,16.736280951882474,4.046037378107642,3.437612523038885,01/05
Montsià,BLAT,01/06/2026,3.671793096249578,5.644376950157912,15.799966315502129,21.548054557687664,4.303065532652272,3.8176143705435575,01/06
Montsià,BLAT,01/07/2026,3.671793096249578,5.644376950157912,15.07847813806889,19.28810639249164,4.1065707524398,3.4172250653727194,01/07
Montsià,BLAT DE MORO,01/04/2026,4.336900242365596,,37.8913535912128,,8.73696683660509,,01/04
Montsià,BLAT DE MORO,01/05/2026,6.901649872129613,9.241368085722842,62.674796327634205,92.33780886192515,9.08113240874894,9.991789960685535,01/05
Montsià,BLAT DE MORO,01/06/2026,4.092438857532777,1.896489198112835,35.47587099258945,18.837553192011104,8.66863799987886,9.932855515737208,01/06
Montsià,BLAT DE MORO,01/07/2026,3.415936556478746,1.896489198112835,29.55058346021869,18.5397102858113,8.650799852875592,9.775805896632503,01/07
Montsià,BLAT DE MORO,01/08/2026,4.518833137434522,,38.30941207039373,,8.477722213957017,,01/08
Montsià,ORDI,01/04/2026,89.79876173369462,426.37677345940153,531.2271513823822,1567.6090565249772,5.915751410445711,3.676581732645061,01/04
Montsià,ORDI,01/05/2026,95.36172181606368,375.0591255264528,613.1076911333256,1541.974476466072,6.429285036567446,4.111283719071427,01/05
Montsià,ORDI,01/06/2026,110.07319474374052,476.43195291654087,761.0117138352743,2095.527053074278,6.913687892924091,4.398376389841682,01/06
Montsià,ORDI,01/07/2026,113.66273981023596,480.2998167236965,782.8931919992506,2016.1485852174037,6.887861345822905,4.197687600570624,01/07
Montsià,AMETLLER,01/05/2026,228.5389328488816,278.3893985374074,373.903796857893,98.40091568962052,1.4754862843119096,0.3507366252302614,01/05
Montsià,AMETLLER,01/06/2026,228.5389328488816,278.3893985374074,324.72279871203733,131.77250610019357,1.290016507194857,0.4703582969282833,01/06
Montsià,AMETLLER,01/07/2026,228.5389328488816,278.3893985374074,244.26916917108213,56.890574875852096,0.9637739857116006,0.2016417346443397,01/07
Montsià,AMETLLER,01/08/2026,228.5389328488816,278.3893985374074,202.26917080329204,53.62649672175574,0.8172925028065213,0.1998320462269862,01/08
Noguera,BLAT,01/04/2026,4078.587819565316,8717.696920218801,29850.359317274797,51896.86327882978,7.317795759732275,5.948770980357369,01/04
Noguera,BLAT,01/05/2026,4156.979938936362,8737.372052925088,30252.031833721376,50553.097169880544,7.276425719756533,5.783091051249134,01/05
Noguera,BLAT,01/06/2026,4093.007421841867,8960.6411965207,29063.725109648334,48214.162210644645,7.099850358072385,5.37769564529558,01/06
Noguera,BLAT,01/07/2026,4155.392325562081,8988.24698415951,29087.79406524558,46268.10680016609,7.000011499831368,5.147622988298716,01/07
Noguera,BLAT DE MORO,01/04/2026,10229.02144360915,32.30663942467673,106004.03014021595,317.777219824598,10.365222018123946,9.813911233533256,01/04
Noguera,BLAT DE MORO,01/05/2026,8424.368199466891,154.88694747789066,88070.34235855924,1491.7972443854617,10.456736922874672,9.685566718368085,01/05
Noguera,BLAT DE MORO,01/06/2026,9596.959649559149,16.27776583778956,99802.26857601866,165.74762400568127,10.399986921510774,10.182455360114025,01/06
Noguera,BLAT DE MORO,01/07/2026,9322.26950767517,17.911458228311158,97801.40009896512,186.5956630223619,10.49119283493364,10.417670110601357,01/07
Noguera,BLAT DE MORO,01/08/2026,9815.441905375968,19.43272756317032,108015.25352014834,206.28980535474523,11.004624606966278,10.61558675611312,01/08
Noguera,ORDI,01/04/2026,9445.587283203286,20534.95008243718,65970.769605732,93882.65906810948,6.984295166383694,4.568440764124686,01/04
Noguera,ORDI,01/05/2026,7869.4004115417265,21259.77455993553,53565.54027013306,91917.55679000528,6.806813412565802,4.3191810379246,01/05
Noguera,ORDI,01/06/2026,7812.948491266623,22176.61743161604,57043.01382797605,102207.44477445012,7.301086637360937,4.604356068108031,01/06
Noguera,ORDI,01/07/2026,7850.647122218535,22214.86540619625,54967.45116892653,93272.74281162882,7.001645891503673,4.198663422269164,01/07
Noguera,AMETLLER,01/05/2026,605.2962445209915,794.0609628683612,1195.605094384256,298.17631091089845,1.840047295693101,0.3794033765505191,01/05
Noguera,AMETLLER,01/06/2026,605.2962445209915,794.0609628683612,1129.945445645484,309.7653856331001,1.6770701143775946,0.4106347343630138,01/06
Noguera,AMETLLER,01/07/2026,605.2962445209915,794.0609628683612,1058.8017236042838,123.564356044315,1.547227418371261,0.1910464865814636,01/07
Noguera,AMETLLER,01/08/2026,605.2962445209915,794.0609628683612,937.1320205504062,113.64318751087494,1.3445251670703438,0.1683090068624507,01/08
Osona,BLAT,01/04/2026,88.3141289459136,4076.876976115617,680.0154588038794,24549.04298456483,7.699962247494312,6.021531463516165,01/04
Osona,BLAT,01/05/2026,142.80456876008037,4055.480919401204,1116.372085604257,25145.68580157884,7.817481578476839,6.200420197092588,01/05
Osona,BLAT,01/06/2026,148.89082456614503,4287.184740554956,1154.4133221499164,25433.73952512556,7.753421512129958,5.9325037441314645,01/06
Osona,BLAT,01/07/2026,150.191769663706,4281.669384220974,1118.4213177038596,23209.49224993093,7.446621876871909,5.420664270684638,01/07
Osona,BLAT DE MORO,01/04/2026,95.29326037794652,674.2390076436415,820.0376468180087,5055.70348975477,8.605410745373007,7.498384745527633,01/04
Osona,BLAT DE MORO,01/05/2026,126.1980141260349,1623.484478193639,1013.419262237296,12403.815189281597,8.030389933277291,7.642543994937005,01/05
Osona,BLAT DE MORO,01/06/2026,112.9255911040672,513.866688211891,912.0685474031072,3875.005729821388,8.076721480807532,7.540877466304148,01/06
Osona,BLAT DE MORO,01/07/2026,105.39869322598828,412.5720219991984,823.2322779126964,3034.858212894257,7.8106497596472195,7.355947691722425,01/07
Osona,BLAT DE MORO,01/08/2026,88.04024785367578,322.2740548266431,677.3380385570878,2356.049188197751,7.693504449042829,7.310700793041223,01/08
Osona,ORDI,01/04/2026,69.41489055867903,3270.17712963582,511.9822102347724,17407.82302363667,7.375682740606995,5.323204931585853,01/04
Osona,ORDI,01/05/2026,88.66464033791353,2910.8195782495022,667.4626790446057,15505.982485208398,7.5279466143528095,5.327016006444937,01/05
Osona,ORDI,01/06/2026,83.1074788279162,3162.4604570678944,640.5544430113989,16819.007035033814,7.707542715111623,5.318329592847372,01/06
Osona,ORDI,01/07/2026,85.26533174088597,3129.216904119732,627.9512307258262,15346.68175831666,7.364672345779596,4.904320227246688,01/07
Pallars Jussà,BLAT,01/04/2026,381.8580447337164,2408.366293639438,3137.7195020482995,14834.522038250594,8.216978914864413,6.159578830441606,01/04
Pallars Jussà,BLAT,01/05/2026,413.94157905404944,2270.502478448509,3289.621891290195,13556.617077997267,7.947068035078111,5.970756344322884,01/05
Pallars Jussà,BLAT,01/06/2026,427.9777260253934,2394.233391578077,3237.265076537582,14254.075339155306,7.564097100570847,5.953502857864755,01/06
Pallars Jussà,BLAT,01/07/2026,431.300657923057,2389.383778714498,2968.673031373879,12598.700697118858,6.883070954887074,5.272782384040889,01/07
Pallars Jussà,BLAT DE MORO,01/05/2026,43.54475557897921,73.20221923685283,395.10146670458863,664.1971875132848,9.073456985835508,9.073456985835508,01/05
Pallars Jussà,BLAT DE MORO,01/06/2026,20.786520490625257,,186.73454498298668,,8.983444105866786,,01/06
Pallars Jussà,BLAT DE MORO,01/07/2026,8.23334375174667,,72.28091463291976,,8.779047348482889,,01/07
Pallars Jussà,ORDI,01/04/2026,856.5282084861939,4426.222673049259,6756.991186221377,22425.333341861,7.888813373891691,5.06647202329114,01/04
Pallars Jussà,ORDI,01/05/2026,859.9404899247328,3832.618417847983,6664.867410659055,19337.034375897583,7.75038213544568,5.045384712928279,01/05
Pallars Jussà,ORDI,01/06/2026,867.3099532398276,4439.247016734061,7022.391539468845,24285.6055039454,8.096749625940266,5.470658742890193,01/06
Pallars Jussà,ORDI,01/07/2026,867.9858485148824,4429.192582794337,6490.750607158927,21307.65523553864,7.477945197222461,4.810731264725418,01/07
Pallars Jussà,AMETLLER,01/05/2026,37.86663712704478,1132.0013500523046,48.89809710152434,413.2470881506527,1.3242776080721037,0.3603025086176279,01/05
Pallars Jussà,AMETLLER,01/06/2026,37.86663712704478,1132.0013500523046,44.84759923481301,488.3463264672197,1.1524506243020365,0.4140648489297741,01/06
Pallars Jussà,AMETLLER,01/07/2026,37.86663712704478,1132.0013500523046,37.05485581283968,193.49692651746943,0.9801114886709104,0.1687843411956281,01/07
Pallars Jussà,AMETLLER,01/08/2026,37.86663712704478,1132.0013500523046,29.686575190388407,186.6621075795561,0.7884854674790677,0.1649264521463337,01/08
Pallars Sobirà,BLAT DE MORO,01/04/2026,2.820778851925271,,23.735254908994296,,8.414433089213723,,01/04
Pallars Sobirà,BLAT DE MORO,01/05/2026,3.159025039028033,46.54519204897159,26.74956793232003,394.1291256811082,8.4676656885728,8.4676656885728,01/05
Pallars Sobirà,BLAT DE MORO,01/06/2026,2.820778851925271,,23.93575443253374,,8.485512579689411,,01/06
Pallars Sobirà,BLAT DE MORO,01/07/2026,4.707965415503114,,40.20531230193191,,8.539848693352262,,01/07
Pallars Sobirà,BLAT DE MORO,01/08/2026,2.820778851925271,,24.64647791053621,,8.737472593327976,,01/08
Pallars Sobirà,ORDI,01/04/2026,,4.398783219566455,,26.092095951638896,,5.931662155019892,01/04
Pallars Sobirà,ORDI,01/05/2026,,4.398816189578306,,25.66711050258213,,5.835004100283335,01/05
Pallars Sobirà,ORDI,01/06/2026,,7.360646563967169,,41.81946800393754,,5.68149382537369,01/06
Pallars Sobirà,ORDI,01/07/2026,,6.237736492526122,,30.75566170625012,,4.930580466664579,01/07
Pla d'Urgell,BLAT,01/04/2026,4064.612187921635,41.836953428582056,31122.865367519556,244.2517790737764,7.657031945139559,5.8381827321802335,01/04
Pla d'Urgell,BLAT,01/05/2026,3744.331533904456,40.71597727896989,30255.570983569956,252.33594492624175,8.080366471187054,6.197467475662809,01/05
Pla d'Urgell,BLAT,01/06/2026,3523.963309889571,41.89361808272947,28191.23778848978,244.74065268389995,7.999866999004934,5.841955502639999,01/06
Pla d'Urgell,BLAT,01/07/2026,3532.2003094533684,42.19364683851253,27841.79663507432,245.7665942892673,7.882281353229092,5.824729851626436,01/07
Pla d'Urgell,BLAT DE MORO,01/04/2026,6741.180540550984,6.704944798737019,75549.19922444751,67.65037131018458,11.207827199873469,10.089623903082332,01/04
Pla d'Urgell,BLAT DE MORO,01/05/2026,5843.70078503484,8.430693345491827,65567.27447957065,86.8211395676686,11.220738209104942,10.298220562617754,01/05
Pla d'Urgell,BLAT DE MORO,01/06/2026,6512.666332372368,4.781536689433457,72320.43879901835,50.07805168168467,11.105335942823167,10.473212888306456,01/06
Pla d'Urgell,BLAT DE MORO,01/07/2026,6615.035157921582,5.826353431898874,73764.33433999738,61.35631913511585,11.151011684596073,10.530826846032772,01/07
Pla d'Urgell,BLAT DE MORO,01/08/2026,6583.350179421279,10.209798901782634,77322.46155648795,109.67004725201086,11.745153979229023,10.741646168257285,01/08
Pla d'Urgell,ORDI,01/04/2026,4401.229056999503,133.86652767962417,30311.58896663154,534.3737099029736,6.887073718289086,3.9918396268697034,01/04
Pla d'Urgell,ORDI,01/05/2026,4118.184468023616,128.95959100512212,28064.02689910164,539.7650132359964,6.814659983546105,4.185536019686644,01/05
Pla d'Urgell,ORDI,01/06/2026,3774.0651372303714,131.45373894974736,27800.03837391512,633.3450960308994,7.366072752606595,4.818007468566695,01/06
Pla d'Urgell,ORDI,01/07/2026,3690.1359984363858,131.45373894974736,26442.41047647799,605.8716406934093,7.16570080010124,4.60901032967213,01/07
Pla d'Urgell,AMETLLER,01/05/2026,321.2643126976032,15.616179784090564,644.5645772509357,4.438597168631209,1.929131948737269,0.3118960329446083,01/05
Pla d'Urgell,AMETLLER,01/06/2026,321.2643126976032,15.616179784090564,601.8101390690371,4.232015869719892,1.755803545600374,0.3525770759168952,01/06
Pla d'Urgell,AMETLLER,01/07/2026,321.2643126976032,15.616179784090564,547.2411904683626,3.460186032017362,1.6363641308515302,0.2876658771029676,01/07
Pla d'Urgell,AMETLLER,01/08/2026,321.2643126976032,15.616179784090564,520.7734276815312,2.1218108477991624,1.5305986327858463,0.2183541149467184,01/08
Pla de l'Estany,BLAT,01/04/2026,195.62770560956787,2046.558252053868,1530.9506628309225,13410.285689856788,7.825837644318033,6.5526039517314505,01/04
Pla de l'Estany,BLAT,01/05/2026,190.32748913922885,1643.1219134855749,1410.4918483749395,10153.89233439056,7.410867735154814,6.179634177509678,01/05
Pla de l'Estany,BLAT,01/06/2026,213.634304103854,1876.6477439997016,1473.6922752418336,11029.587441902931,6.898200555494252,5.877281699332427,01/06
Pla de l'Estany,BLAT,01/07/2026,218.5563445689289,1886.9605133167288,1488.808026921039,11134.999884205825,6.812010101365393,5.901024322249185,01/07
Pla de l'Estany,BLAT DE MORO,01/04/2026,88.00291238966439,42.19813086003878,712.8767147282963,364.94877215231367,8.10060366606709,8.648458230597047,01/04
Pla de l'Estany,BLAT DE MORO,01/05/2026,157.7041325616258,444.0982008422013,1286.5246154178549,3716.888726454952,8.15783704916624,8.369519893136543,01/05
Pla de l'Estany,BLAT DE MORO,01/06/2026,99.86971815552783,59.04913926993306,820.3899221084666,492.1744726561012,8.214601355246318,8.334998253000938,01/06
Pla de l'Estany,BLAT DE MORO,01/07/2026,90.73079390612862,52.7098490933568,770.2505483054214,453.6626287775005,8.489406023519795,8.606790506533192,01/07
Pla de l'Estany,BLAT DE MORO,01/08/2026,81.23683439271095,67.16689958844421,642.8905577612587,562.16722886407,7.913781507701668,8.369706392712349,01/08
Pla de l'Estany,ORDI,01/04/2026,262.1081147541692,2219.3362612077035,2509.3874422009017,15074.709007970185,9.573863993316088,6.7924402766108685,01/04
Pla de l'Estany,ORDI,01/05/2026,214.3451514409936,1856.231079816523,1895.7881072347432,11861.40015800232,8.844557922070043,6.390045014855986,01/05
Pla de l'Estany,ORDI,01/06/2026,220.03186099053164,1943.4229792242336,1977.485442099748,13650.201358594712,8.987268630995409,7.023793329871781,01/06
Pla de l'Estany,ORDI,01/07/2026,217.36984194077715,1955.980402628416,1998.244152042893,13099.043073672616,9.192830680657709,6.696919384299723,01/07
Pla de l'Estany,AMETLLER,01/05/2026,,0.039642282690298,,0.0106548753379454,,0.268775524890575,01/05
Pla de l'Estany,AMETLLER,01/06/2026,,0.039642282690298,,0.0216649825260631,,0.5465119830590739,01/06
Pla de l'Estany,AMETLLER,01/07/2026,,0.039642282690298,,0.009521799662419,,0.2401930215978567,01/07
Pla de l'Estany,AMETLLER,01/08/2026,,0.039642282690298,,0.0096820707741058,,0.2442359550721679,01/08
Priorat,BLAT,01/04/2026,,1.834557336061142,,6.668629533858497,,3.635007422649584,01/04
Priorat,BLAT,01/06/2026,,1.658165603033574,,6.495663729485549,,3.9173793724835977,01/06
Priorat,BLAT,01/07/2026,,1.834557336061142,,7.821966351025694,,4.26368050606678,01/07
Priorat,ORDI,01/04/2026,7.838121714261608,82.94955834882317,49.30796207733278,325.03515346029167,6.290788006980809,3.9184675594466634,01/04
Priorat,ORDI,01/05/2026,7.838121714261608,68.85924349483054,51.52094598691567,280.5790036171198,6.573124004080256,4.074674500863252,01/05
Priorat,ORDI,01/06/2026,7.838121714261608,112.54262286424772,52.10195308122652,460.46771218687,6.647249810681816,4.0914961857810965,01/06
Priorat,ORDI,01/07/2026,7.838121714261608,119.08797210231666,49.9297600078014,458.5724471715957,6.3701179731558994,3.850703300057916,01/07
Priorat,AMETLLER,01/05/2026,110.54745525745612,511.396581531578,117.4378093430216,122.56949196702922,1.0673754065483303,0.2257328591150625,01/05
Priorat,AMETLLER,01/06/2026,110.54745525745612,511.396581531578,94.517114475027,132.70907429365033,0.8571049585605449,0.2413069152822039,01/06
Priorat,AMETLLER,01/07/2026,110.54745525745612,511.396581531578,72.54940084792344,61.27202333341971,0.65011370332053,0.1149365298067694,01/07
Priorat,AMETLLER,01/08/2026,110.54745525745612,511.396581531578,67.1280950933664,44.72712816862518,0.6198642824496203,0.0843164282742446,01/08
Ribera d'Ebre,BLAT,01/04/2026,,6.356569640142454,,19.98341541899997,,3.14374207320918,01/04
Ribera d'Ebre,BLAT,01/05/2026,,4.179558051681669,,16.910059448298927,,4.045896537193705,01/05
Ribera d'Ebre,BLAT,01/06/2026,,6.005409040877246,,24.78138672297597,,4.12651104267762,01/06
Ribera d'Ebre,BLAT,01/07/2026,,4.995081793024291,,20.013107509016404,,4.006562522552688,01/07
Ribera d'Ebre,BLAT DE MORO,01/05/2026,3.913918275877421,6.9544689926157535,33.22198914296665,59.03068921795103,8.488166282807464,8.488166282807464,01/05
Ribera d'Ebre,ORDI,01/04/2026,42.98098912235448,76.39509822414904,282.44384805218937,271.2336653638657,6.571366872180469,3.5504066578728057,01/04
Ribera d'Ebre,ORDI,01/05/2026,45.5623364994108,37.0683605828096,321.94082379391153,152.45797783423546,7.065941927672537,4.112886986022728,01/05
Ribera d'Ebre,ORDI,01/06/2026,44.93119882898634,61.819184742029314,334.12625883943207,275.8133496839586,7.4363975933773245,4.461614154811719,01/06
Ribera d'Ebre,ORDI,01/07/2026,45.780181448022304,62.53774836120567,333.9744294773595,276.81753430242384,7.29517487510498,4.426407115004852,01/07
Ribera d'Ebre,AMETLLER,01/05/2026,1194.1927372058256,1307.6627750575851,1786.7892225399708,331.18581507831664,1.3280369837671155,0.2547336257298989,01/05
Ribera d'Ebre,AMETLLER,01/06/2026,1194.1927372058256,1307.6627750575851,1522.0990232928957,417.9912572006816,1.1095488814509755,0.3022235610697306,01/06
Ribera d'Ebre,AMETLLER,01/07/2026,1194.1927372058256,1307.6627750575851,1268.7203537930502,214.84681457703056,0.9078602121697488,0.1621167452567655,01/07
Ribera d'Ebre,AMETLLER,01/08/2026,1194.1927372058256,1307.6627750575851,1092.6624888710978,127.65506306021726,0.7851194840146792,0.1008286636561897,01/08
Ripollès,BLAT,01/04/2026,,2.388525517970648,,14.977061770681606,,6.270421503977273,01/04
Ripollès,BLAT DE MORO,01/04/2026,,37.25364625321389,,324.62557971496244,,8.713927692029793,01/04
Ripollès,BLAT DE MORO,01/05/2026,,72.58508645113248,,628.3347474050073,,8.656526817365304,01/05
Ripollès,BLAT DE MORO,01/06/2026,,33.3413753990439,,290.40030034694274,,8.709907640920845,01/06
Ripollès,BLAT DE MORO,01/07/2026,,32.4630418178577,,285.8898331911256,,8.80662492428111,01/07
Ripollès,BLAT DE MORO,01/08/2026,,34.283066877165915,,300.2882748672634,,8.759084359143758,01/08
Ripollès,ORDI,01/04/2026,,6.517736858278955,,43.228467718081454,,6.632435254450604,01/04
Ripollès,ORDI,01/05/2026,,10.95875807977715,,70.12353935588398,,6.3988582324202525,01/05
Ripollès,ORDI,01/06/2026,,13.39808648309089,,84.27754603309015,,6.290267355674481,01/06
Ripollès,ORDI,01/07/2026,,10.675075306034898,,64.07868981807515,,6.002645225542324,01/07
Segarra,BLAT,01/04/2026,72.63450525911698,10703.06428997309,447.5604627069126,43423.43053702615,6.161816083282751,4.057102654022769,01/04
Segarra,BLAT,01/05/2026,121.31177601170742,12679.967929363798,799.1033646726357,56802.611668675534,6.587187088873522,4.479712565923306,01/05
Segarra,BLAT,01/06/2026,122.93385851870082,12663.317549904305,841.1867735843136,61896.558587852654,6.842596366210627,4.88786278508197,01/06
Segarra,BLAT,01/07/2026,122.93385851870082,12701.240185367296,828.8719507538648,62145.066522909576,6.742421988062597,4.892834527647542,01/07
Segarra,BLAT DE MORO,01/04/2026,47.047842387487904,,393.2951392320104,,8.554229945172604,,01/04
Segarra,BLAT DE MORO,01/05/2026,28.53457589738547,91.88691614139188,257.0958408935935,542.236271441475,9.009975890938346,8.394164031738132,01/05
Segarra,BLAT DE MORO,01/06/2026,20.749224601838247,,182.98761454486615,,8.819009772955788,,01/06
Segarra,BLAT DE MORO,01/07/2026,24.13431022693725,,224.4923626745033,,9.30179319663914,,01/07
Segarra,BLAT DE MORO,01/08/2026,26.833450797146035,,269.6323779674074,,10.048367614205072,,01/08
Segarra,ORDI,01/04/2026,200.63869610832765,22027.27929987597,1365.1845184842389,88367.57695153815,6.804193532772743,4.011733621230096,01/04
Segarra,ORDI,01/05/2026,209.46668202876128,26201.79617537296,1443.7206700737922,109495.4488697244,6.892364246623046,4.1789291137467535,01/05
Segarra,ORDI,01/06/2026,208.0035734599593,26262.847025453742,1520.360081323316,124022.25547597549,7.30929789346136,4.722346185688631,01/06
Segarra,ORDI,01/07/2026,206.9648885773121,26333.643724425016,1444.5048028822562,118176.41153030156,6.9794679320335975,4.487658934213134,01/07
Segarra,AMETLLER,01/05/2026,14.790935027970812,441.92052856761705,29.727122888886807,149.76400103937368,1.648712291462011,0.3463151707207479,01/05
Segarra,AMETLLER,01/06/2026,14.790935027970812,441.92052856761705,29.03503512300516,167.89663764982825,1.5672102562197263,0.4135237328555597,01/06
Segarra,AMETLLER,01/07/2026,14.790935027970812,441.92052856761705,24.853660760269246,75.01760099766487,1.258390129974635,0.2089691798173123,01/07
Segarra,AMETLLER,01/08/2026,14.790935027970812,441.92052856761705,20.057934766130323,62.19036067700332,1.0549445033024083,0.1702561538072092,01/08
Segrià,BLAT,01/04/2026,3696.013273143653,1241.0629317133007,28304.155616367287,5812.168846627074,7.658970378777994,4.683299217619782,01/04
Segrià,BLAT,01/05/2026,3985.017513447351,1444.1583901052686,32419.84469050312,7856.809534774996,8.135433428109934,5.440407083188632,01/05
Segrià,BLAT,01/06/2026,4036.748753669701,1451.4235973045402,32359.42681496759,7801.053615783867,8.01621026960137,5.374760084010839,01/06
Segrià,BLAT,01/07/2026,4003.712758061441,1448.572000308942,31977.8605625871,7963.283334672828,7.987051643053053,5.497333465629924,01/07
Segrià,BLAT DE MORO,01/04/2026,12801.129111292488,22.988698274307765,140118.62188931988,249.48139997856964,10.949407320540583,10.852350011370186,01/04
Segrià,BLAT DE MORO,01/05/2026,11813.532540404178,227.32252632124903,132105.618488913,2369.8751335470706,11.185108946230413,10.42516626881929,01/05
Segrià,BLAT DE MORO,01/06/2026,13127.917198938516,23.67456332664117,144405.85978250144,249.331982109611,11.002394141119948,10.531640168798203,01/06
Segrià,BLAT DE MORO,01/07/2026,12529.757902809906,10.860563053033768,141797.06660538158,120.31126163244092,11.319460750655413,11.077810703270432,01/07
Segrià,BLAT DE MORO,01/08/2026,12873.903899445097,10.004327971996306,151351.12485637667,113.34172870373185,11.756428045334436,11.329269594218948,01/08
Segrià,ORDI,01/04/2026,10695.801384552176,4842.180813907621,76402.00149010317,19238.60364000114,7.146851457287963,3.973127889967344,01/04
Segrià,ORDI,01/05/2026,8508.871722792761,5374.831879404764,60246.08930422513,22839.338562119443,7.080385187009412,4.24931217842088,01/05
Segrià,ORDI,01/06/2026,8448.60115167989,5455.36966374413,64614.29639327464,26346.63664819508,7.64792836509118,4.829486959113391,01/06
Segrià,ORDI,01/07/2026,8487.08155088909,5466.190003535896,62930.15328501683,25311.46483504345,7.414816613659662,4.630549764766741,01/07
Segrià,AMETLLER,01/05/2026,4965.783045399326,1624.4420379382568,8489.878675105176,328.34345954340097,1.487540236224932,0.2085426639494204,01/05
Segrià,AMETLLER,01/06/2026,4965.783045399326,1624.4420379382568,7348.231383757527,289.40824819361654,1.2775828921114811,0.196426193652922,01/06
Segrià,AMETLLER,01/07/2026,4965.783045399326,1624.4420379382568,6767.857214658042,187.1734149668986,1.171111412758098,0.1290197439744405,01/07
Segrià,AMETLLER,01/08/2026,4965.783045399326,1624.4420379382568,5972.853758245654,60.00625673130483,1.027645801969142,0.0517619842165982,01/08
Selva,BLAT,01/04/2026,739.3505275190398,1517.7785831250987,6305.907773305026,10321.408818599217,8.52898258484388,6.800338951513919,01/04
Selva,BLAT,01/05/2026,701.7056601858666,1113.5929616659612,6015.064324465476,7247.986338058787,8.572061856921911,6.508649558287104,01/05
Selva,BLAT,01/06/2026,713.1264055375703,1166.2986699003145,5776.043190488807,6812.866505244147,8.09960638904501,5.8414424032794745,01/06
Selva,BLAT,01/07/2026,729.7126636459575,1165.824350813757,6099.480888767745,7133.134168608328,8.358743369331322,6.118532490447064,01/07
Selva,BLAT DE MORO,01/04/2026,528.0941406641256,35.244372795285784,4651.446166472999,305.14576503099136,8.80679720800955,8.657999584881448,01/04
Selva,BLAT DE MORO,01/05/2026,671.6714747140635,329.97358284490616,6055.481022993004,2907.7770904913777,9.014588815362943,8.805234971478406,01/05
Selva,BLAT DE MORO,01/06/2026,587.9706273761448,38.79025271493139,5281.005446913305,348.2891301511499,8.981750449814335,8.978779610195328,01/06
Selva,BLAT DE MORO,01/07/2026,556.0002002184091,29.86735506810301,5081.419720599751,274.0605630805222,9.139240810711325,9.175923427287556,01/07
Selva,BLAT DE MORO,01/08/2026,583.1380097093135,42.68879021708658,5513.540221336912,399.4769503775815,9.454949136458003,9.35788876532011,01/08
Selva,ORDI,01/04/2026,473.5980746831737,1198.3918531724948,4004.056524795496,7193.717935754519,8.45454561333282,6.002809445600484,01/04
Selva,ORDI,01/05/2026,467.9591564208279,1016.9759411906394,3831.305197414481,5756.542338451598,8.187264090990563,5.660450857580802,01/05
Selva,ORDI,01/06/2026,477.6013790076832,1021.6387635581012,3852.9896538096873,5582.425180350694,8.067375479139276,5.464186931306879,01/06
Selva,ORDI,01/07/2026,486.77573360121454,1016.4510512104064,4056.614269902772,5901.714975594612,8.333641120298958,5.806196932520021,01/07
Selva,AMETLLER,01/05/2026,2.108383055854772,0.204402181824422,3.4759583345485376,0.1077341061607412,1.570196839990531,0.5270692572806439,01/05
Selva,AMETLLER,01/06/2026,2.108383055854772,0.204402181824422,4.06556454517216,0.2365507527795327,1.7624031597484355,1.1572809579044796,01/06
Selva,AMETLLER,01/07/2026,2.108383055854772,0.204402181824422,3.186034289784047,0.1565875967871123,1.5063068231599273,0.7660759556941442,01/07
Selva,AMETLLER,01/08/2026,2.108383055854772,0.204402181824422,2.858805171167864,0.1351875501232804,1.2860693195644246,0.6613801717606139,01/08
Solsonès,BLAT,01/04/2026,14.509042049927906,6807.644695730388,93.8870465321432,42765.29969338063,6.470933519185003,6.281952364553063,01/04
Solsonès,BLAT,01/05/2026,14.44026569236388,5848.428078298401,98.29428282251467,37944.31576398457,6.806958051643982,6.4879511649948265,01/05
Solsonès,BLAT,01/06/2026,14.50904204992821,5694.260270558298,94.96101197103027,36250.14292755442,6.544953942807006,6.3660846545745,01/06
Solsonès,BLAT,01/07/2026,14.50904204992821,5707.445520470927,87.08500959189756,33085.72422197659,6.002119870644971,5.796940873689962,01/07
Solsonès,BLAT DE MORO,01/05/2026,,124.26276613847884,,1054.7630217450253,,8.488166282807464,01/05
Solsonès,BLAT DE MORO,01/07/2026,,3.249554154511596,,27.597109108822355,,8.492583227304353,01/07
Solsonès,ORDI,01/04/2026,1.5837798803050072,11699.064236235768,12.431268077836188,58568.75300924701,7.8491135241863,5.006276726632607,01/04
Solsonès,ORDI,01/05/2026,5.105584759270539,9096.517891131043,36.0992253723816,45867.84851539981,7.070536887441524,5.042352366516007,01/05
Solsonès,ORDI,01/06/2026,4.481693159582564,9039.069888114072,34.975558624072626,47666.87178127555,7.804094876350334,5.273426621466342,01/06
Solsonès,ORDI,01/07/2026,,9062.040992302394,,43252.27063972853,,4.772906089971175,01/07
Solsonès,AMETLLER,01/05/2026,0.0563316781889009,8.009186626796103,0.0747341302603815,2.8171852163955458,0.9694046761789832,0.399631001208206,01/05
Solsonès,AMETLLER,01/06/2026,0.0563316781889009,8.009186626796103,0.0514495725241116,2.918644698567541,0.6856389697484372,0.4855839860804903,01/06
Solsonès,AMETLLER,01/07/2026,0.0563316781889009,8.009186626796103,0.0394032437238271,1.3309440492679347,0.5237380572714945,0.2215942549990816,01/07
Solsonès,AMETLLER,01/08/2026,0.0563316781889009,8.009186626796103,0.0394992545403691,1.342324103443907,0.517093578815319,0.2088924863537183,01/08
Tarragonès,BLAT,01/04/2026,5.946248115618072,148.4591449363055,22.282742520069053,287.0504006069894,3.747361712260625,1.933531280475478,01/04
Tarragonès,BLAT,01/05/2026,6.920981812462934,111.35147781514718,25.175749288563527,264.3517468984514,3.6375979551381543,2.3740299822270656,01/05
Tarragonès,BLAT,01/06/2026,6.326085589416384,145.64107752794752,21.40957831738497,316.9680350745749,3.3843326990711997,2.176364254197109,01/06
Tarragonès,BLAT,01/07/2026,6.326085589416384,154.7697896369535,21.364400812642646,313.89758736648633,3.377191236297141,2.0281580023000743,01/07
Tarragonès,BLAT DE MORO,01/05/2026,,3.4002353319530734,,28.86176289829472,,8.488166282807462,01/05
Tarragonès,ORDI,01/04/2026,32.74627958881697,565.0946566427131,192.91899660642537,2129.8533573749723,5.891325641533588,3.769020521320544,01/04
Tarragonès,ORDI,01/05/2026,23.65179693163698,248.31826336878032,136.60171233742963,917.9781718049932,5.775532097297403,3.696780733528622,01/05
Tarragonès,ORDI,01/06/2026,33.47289325271373,339.8426580255527,188.65541317091788,1190.5502187364525,5.636065330433397,3.503239486335865,01/06
Tarragonès,ORDI,01/07/2026,30.0706469423425,366.07293728255627,165.579113715315,1241.5397869563053,5.50633692826086,3.391509342844465,01/07
Tarragonès,AMETLLER,01/05/2026,164.85991383154382,111.48869051181605,288.7949451723536,29.961415953987206,1.5074709946229596,0.2501004645618304,01/05
Tarragonès,AMETLLER,01/06/2026,164.85991383154382,111.48869051181605,243.1255312231629,32.90541505636901,1.2375737559602855,0.2745191685368695,01/06
Tarragonès,AMETLLER,01/07/2026,164.85991383154382,111.48869051181605,218.42844501322733,15.822279127117447,1.0657519060378935,0.1498886631507503,01/07
Tarragonès,AMETLLER,01/08/2026,164.85991383154382,111.48869051181605,190.34283905755524,15.51487317184528,0.94924806402966,0.1377309757374959,01/08
Terra Alta,BLAT,01/04/2026,,113.70244291315052,,409.5906261362011,,3.602302779449156,01/04
Terra Alta,BLAT,01/05/2026,,100.36016459471884,,393.3939200980385,,3.919821392149647,01/05
Terra Alta,BLAT,01/06/2026,,126.57825385776889,,483.0719361207352,,3.816389635644244,01/06
Terra Alta,BLAT,01/07/2026,,125.97531805660924,,448.0523942371856,,3.5566680929977506,01/07
Terra Alta,BLAT DE MORO,01/05/2026,1.714868371382096,31.47932842820629,14.556087889418457,267.20177416972314,8.488166282807464,8.488166282807464,01/05
Terra Alta,ORDI,01/04/2026,3.407404167637687,355.22427982486505,18.78737416482801,1366.3591748400734,5.513691138627993,3.8464689843659454,01/04
Terra Alta,ORDI,01/05/2026,3.407404167637687,328.53429705544744,18.890471820672847,1262.205475404107,5.543948088133433,3.841929097561104,01/05
Terra Alta,ORDI,01/06/2026,3.300205031400175,365.73094799368914,18.79405220097369,1457.3332158756518,5.694813510722985,3.984713964924836,01/06
Terra Alta,ORDI,01/07/2026,3.407404167637687,371.4546471735777,18.42143245742485,1359.7375191800706,5.406295100647308,3.660574795675329,01/07
Terra Alta,AMETLLER,01/05/2026,1013.4244472166748,4463.651708912644,875.7770823109574,859.450870993423,0.7581153184111742,0.1938787882547892,01/05
Terra Alta,AMETLLER,01/06/2026,1013.4244472166748,4463.651708912644,663.4756470614861,873.2803389082092,0.5629055969283938,0.1958049408632918,01/06
Terra Alta,AMETLLER,01/07/2026,1013.4244472166748,4463.651708912644,536.4381211616785,439.7831303086264,0.4594484825500429,0.1007181365864114,01/07
Terra Alta,AMETLLER,01/08/2026,1013.4244472166748,4463.651708912644,426.0162920801495,125.13620141134096,0.3708130864025113,0.0330151067334847,01/08
Urgell,BLAT,01/04/2026,2621.582647588189,3519.226776888702,18733.822164207028,16218.081837644231,7.14599716375214,4.608421924995241,01/04
Urgell,BLAT,01/05/2026,2684.863911024388,4068.130680794534,19746.65929873661,20213.44820610126,7.35480827078585,4.968731290154483,01/05
Urgell,BLAT,01/06/2026,2718.3483584828464,4042.9844715586255,19890.985644642897,20943.39507535986,7.317305592041329,5.180181923203354,01/06
Urgell,BLAT,01/07/2026,2690.183088090608,4047.503767866201,19153.1113829939,20596.644862743466,7.119631175953925,5.08872777988834,01/07
Urgell,BLAT DE MORO,01/04/2026,1871.643857394172,2.863178359444783,18112.076464317965,27.380403335321404,9.680724527770977,9.562940165778183,01/04
Urgell,BLAT DE MORO,01/05/2026,1981.959724097884,54.88611393380502,19211.05339549034,474.33816233727737,9.69479777231366,9.093527061819644,01/05
Urgell,BLAT DE MORO,01/06/2026,2125.8799765737945,1.078229608525851,20437.934476025595,9.923338198529963,9.61568017899551,9.20336273467494,01/06
Urgell,BLAT DE MORO,01/07/2026,2106.2528094578342,1.4903149012015269,20265.49039748898,13.685292307128767,9.621584980914742,9.182819212298932,01/07
Urgell,BLAT DE MORO,01/08/2026,2235.220136500824,5.853391569245509,22622.955159066896,53.35361059542959,10.121130706384257,9.11499085004948,01/08
Urgell,ORDI,01/04/2026,4165.02777103305,10189.833112879773,28006.334195197345,42445.45569825784,6.724165055987356,4.165471134616279,01/04
Urgell,ORDI,01/05/2026,4176.951651468096,11590.085340464577,28021.095670414907,48463.7740737608,6.708503714800285,4.181485524058978,01/05
Urgell,ORDI,01/06/2026,4197.814713383914,11466.188897836242,30783.270100143272,54287.73287101645,7.333165516333251,4.734592579515323,01/06
Urgell,ORDI,01/07/2026,4167.741172781687,11525.801934892588,29693.999213391788,51536.074704694365,7.124722477325298,4.471365636492228,01/07
Urgell,AMETLLER,01/05/2026,914.5153599455352,1341.8673378575213,1232.0828800978368,278.72018031104017,1.210776683317178,0.2379663951121966,01/05
Urgell,AMETLLER,01/06/2026,914.5153599455352,1341.8673378575213,1082.4110051845048,302.28923470777704,1.0535131385135976,0.278975088038033,01/06
Urgell,AMETLLER,01/07/2026,914.5153599455352,1341.8673378575213,993.0964714862598,181.125728258648,0.9480898875964916,0.1659825658402254,01/07
Urgell,AMETLLER,01/08/2026,914.5153599455352,1341.8673378575213,861.5954291910398,65.94866133432068,0.8064492219470764,0.0883297334746404,01/08
Vallès Occidental,BLAT,01/04/2026,49.53498711954165,292.92875990670603,219.99417280871788,1087.4261780096256,4.44118764536692,3.712254741924133,01/04
Vallès Occidental,BLAT,01/05/2026,44.33961560153842,314.54263829228074,227.72869760675616,1240.1845141509204,5.136009740211976,3.9428184391284673,01/05
Vallès Occidental,BLAT,01/06/2026,42.72884374844188,324.6313385935437,207.3985925907657,1118.868676360161,4.853831145344965,3.446582456295282,01/06
Vallès Occidental,BLAT,01/07/2026,44.85410461412,337.0391902145683,202.5833122971229,1046.7911852967632,4.51649439978677,3.105844114538572,01/07
Vallès Occidental,BLAT DE MORO,01/05/2026,2.4334576931031497,69.32437267127155,20.655593541236588,588.4368026850664,8.488166282807464,8.488166282807464,01/05
Vallès Occidental,ORDI,01/04/2026,138.47295532990435,1227.1395173344445,980.3957491326672,5375.957122282325,7.080052179119939,4.3808850145742335,01/04
Vallès Occidental,ORDI,01/05/2026,167.5381181007496,1131.464038841763,1169.6314218942318,4759.122761431215,6.981285424197435,4.20616351740436,01/05
Vallès Occidental,ORDI,01/06/2026,167.9680638509873,1257.8800812287932,1151.569654305521,5173.373943034084,6.855884552715538,4.11277197265127,01/06
Vallès Occidental,ORDI,01/07/2026,168.64662692642736,1328.6419790204714,1143.6378805116829,5279.678228216803,6.781267442784956,3.973740339071023,01/07
Vallès Occidental,AMETLLER,01/05/2026,0.199955903245203,8.455314314828552,0.061563534667465,3.2041264571351613,0.3078855571069115,0.3246145284000559,01/05
Vallès Occidental,AMETLLER,01/06/2026,0.199955903245203,8.455314314828552,0.0669431076861722,3.885830176055316,0.3347893540511325,0.4157283028005077,01/06
Vallès Occidental,AMETLLER,01/07/2026,0.199955903245203,8.455314314828552,0.0561978742484904,2.27005451397823,0.2810513385022488,0.2085199964975728,01/07
Vallès Occidental,AMETLLER,01/08/2026,0.199955903245203,8.455314314828552,0.053972889799268,1.6787006207867747,0.2699239628503583,0.1640478663445922,01/08
Vallès Oriental,BLAT,01/04/2026,326.13177323617936,732.5755128508497,1621.264137145936,2768.009372634801,4.971193456737633,3.778462867074237,01/04
Vallès Oriental,BLAT,01/05/2026,331.7653315057999,681.264970698507,1694.1253264192655,2484.5284531361585,5.106396496373066,3.646934100528829,01/05
Vallès Oriental,BLAT,01/06/2026,352.9144481956421,773.6679700909572,1514.6728718283775,2234.950996836654,4.29189816277712,2.888772811124518,01/06
Vallès Oriental,BLAT,01/07/2026,354.17940748775936,769.4629501392947,1390.074086265305,2071.462606113663,3.9247738769604967,2.692088820831034,01/07
Vallès Oriental,BLAT DE MORO,01/04/2026,121.46188228320273,11.43901275665692,721.9661242939795,66.1859132676728,5.943972798071992,5.785981244680052,01/04
Vallès Oriental,BLAT DE MORO,01/05/2026,178.03281319943838,209.4548288206328,1155.424572513699,1293.695007801738,6.489952901094438,6.176486906919664,01/05
Vallès Oriental,BLAT DE MORO,01/06/2026,93.31390386423776,14.036821197036732,595.1291805905906,86.8151551697872,6.377711744398167,6.184815917446785,01/06
Vallès Oriental,BLAT DE MORO,01/07/2026,93.82904583363188,16.84694655884393,616.7662136972691,105.29990129400342,6.573297300612609,6.250384954104664,01/07
Vallès Oriental,BLAT DE MORO,01/08/2026,103.093023675032,20.464998889290595,698.9313500769289,135.77649188363958,6.779618301623278,6.634571182639637,01/08
Vallès Oriental,ORDI,01/04/2026,768.3855818404986,1454.6612509708543,6014.983871912737,7698.011573127002,7.828080086439372,5.291961663232095,01/04
Vallès Oriental,ORDI,01/05/2026,739.8292036094156,1638.4127730758262,5645.039992944131,8168.452355366974,7.630193516832794,4.985588790321849,01/05
Vallès Oriental,ORDI,01/06/2026,744.3235917856556,1749.6481499633617,5458.872720329459,8113.859546718651,7.334004699801941,4.637423556781148,01/06
Vallès Oriental,ORDI,01/07/2026,740.9155277429498,1780.7609079980048,5330.344542564303,7976.802119792878,7.194267555442018,4.479434652887054,01/07
Vallès Oriental,AMETLLER,01/05/2026,,8.186045682484103,,4.02511574020588,,0.460345968243827,01/05
Vallès Oriental,AMETLLER,01/06/2026,,8.186045682484103,,4.408778420812617,,0.579953460774492,01/06
Vallès Oriental,AMETLLER,01/07/2026,,8.186045682484103,,1.5594426744865084,,0.2307440603585612,01/07
Vallès Oriental,AMETLLER,01/08/2026,,8.186045682484103,,2.4576963138051804,,0.3231304299273825,01/08
