COMARCA,CULTIU,CAMPANYA,HA_IRTA_R,HA_IRTA_S,HA_DARPA_R,HA_DARPA_S,PROD_IRTA(t)_R,PROD_IRTA(t)_S,PROD_IRTA(t/ha)_R,PROD_IRTA(t/ha)_S,PROD_DARPA(t)_R,PROD_DARPA(t)_S,PROD_DARPA(t/ha)_R,PROD_DARPA(t/ha)_S
Alt Camp,BLAT,2023,15.9107054819153,412.0604312534851,17.0,412.0,31.827198092669143,417.6665560591768,2.184955226676341,1.049755154698223,20.332,116.184,1.196,0.282
Alt Camp,BLAT,2024,3.0699,403.1564,1.0,404.0,10.445176863071456,1117.306418176691,3.141456809333567,2.872794333082047,1.2,149.48,1.2,0.37
Alt Camp,BLAT,2025,11.47885998987206,444.2968088463468,12.73,489.99,50.89489201049485,1927.929324193232,4.451106230088458,4.49194759977831,57.29,1126.97,4.500392772977219,2.2999857139941637
Alt Camp,BLAT,2026,11.478900239319746,421.5657910941411,,,66.73223108366523,1752.9208646002282,5.813469033826176,4.158119329489851,,,,
Alt Camp,ORDI,2023,20.779767123201,2011.4902773707104,21.0,2013.0,67.58239341733385,1731.3081356639034,3.1483856321463155,0.8734518465833901,28.308,640.134,1.348,0.318
Alt Camp,ORDI,2024,22.4956,1445.0068,23.0,1450.0,116.68548437986604,4646.037214282529,5.190437598239156,3.1634692884044107,32.2,509.75,1.4,0.351551724137931
Alt Camp,ORDI,2025,18.538970542090656,1471.648442001636,14.2,1596.3100000000002,115.39796861320174,5837.347559065796,6.153507173282632,4.009439988897976,56.8,3990.78,4.0,2.50000313222369
Alt Camp,ORDI,2026,12.084048955915982,1442.4396581845135,,,73.64990191262575,5580.131335107257,6.09480333796306,3.8685371020168247,,,,
Alt Empordà,BLAT,2022,1403.7189,1938.9136,1406.0,1940.0,6043.715564382332,8057.8104621416705,4.183721025403239,3.9044034710530937,5764.6,7954.0,4.1000000000000005,4.1
Alt Empordà,BLAT,2023,1599.6611320912386,1858.4201100592456,59.0,2940.0,2399.5102969225672,4447.766718029012,1.4848440458141132,2.144014713405593,123.9,2734.2,2.1,0.93
Alt Empordà,BLAT,2024,1615.9631,1801.2301,37.0,3078.0,8891.701793464268,8812.58249291044,5.500044387530841,4.749484668642127,77.7,2862.54,2.1,0.93
Alt Empordà,BLAT,2025,1851.241145052726,2015.1005847445888,7.41,3691.28,8877.781852739963,10322.744733212572,4.795236885476692,4.971109301357565,22.23,15077.04,3.0,4.084501853015756
Alt Empordà,BLAT,2026,1489.8800537231089,1845.840580445972,,,10299.66780298395,10599.5965524954,6.913085236120707,5.742422538968364,,,,
Alt Empordà,BLAT DE MORO,2022,2840.0925,333.289,1836.0,216.0,23072.15507192829,2774.531718725699,8.203873162321564,8.252876471838013,21848.4,1468.8,11.9,6.8
Alt Empordà,BLAT DE MORO,2023,886.4643887207835,151.22845708720354,383.0,65.0,6162.6890425712745,1016.6045427548908,6.7026407231181935,6.448876124393316,2656.105,240.5,6.935,3.7
Alt Empordà,BLAT DE MORO,2024,292.1965,10.4959,60.0,,2204.613228225266,69.01679004293223,7.074530768349407,7.16657971320843,416.1,,6.9350000000000005,
Alt Empordà,BLAT DE MORO,2025,1214.6118825282792,70.83471266036754,634.23,14.24,9892.56962923999,565.6238931911065,8.055857820591589,8.034433912075121,9513.45,96.83,15.0,6.799859550561798
Alt Empordà,BLAT DE MORO,2026,1762.709935205924,100.55111734721008,,,13400.105252872663,717.8346262845613,7.601991107690235,7.139001984491408,,,,
Alt Empordà,ORDI,2022,2127.6745,4802.2508,1918.0,4328.0,11186.145999397051,20106.747060644284,5.344582164113067,4.158008656476317,7672.0,17312.0,4.0,4.0
Alt Empordà,ORDI,2023,2257.1449609570527,5254.980978243517,80.0,5736.0,7179.9471918110585,11594.773432164358,3.230382114396543,2.1483526200239136,172.0,8787.552,2.15,1.532
Alt Empordà,ORDI,2024,2656.8587,4943.9348,,6828.0,19066.223822201067,25251.367072148685,7.205328967445152,5.0634462835162415,,10460.496,,1.5320000000000005
Alt Empordà,ORDI,2025,2667.656032476668,4790.586028770317,3.63,6777.389999999999,15633.025016410766,23179.48601091241,5.880110046122632,4.796717695826406,14.52,27109.56,4.0,4.0
Alt Empordà,ORDI,2026,2488.248515620609,5155.21132260658,,,20001.186224053174,29885.253597920997,8.038259080027848,5.797095740162674,,,,
Alt Penedès,BLAT,2023,4.514173245589999,316.9500064112286,4.0,123.0,10.784859677968525,261.891868508108,1.7171106370324751,0.7072661876684364,20.0,36.9,5.0,0.3
Alt Penedès,BLAT,2024,,211.1223,,211.0,,585.743003352455,,2.7613430508804178,,675.2,,3.2
Alt Penedès,BLAT,2025,,340.0384692104607,,328.44000000000005,,1232.7565441277354,,3.3760787600917284,,1196.37,,3.642583120204603
Alt Penedès,BLAT,2026,,291.1088520516085,,,,1304.7748069167528,,4.482085645013086,,,,
Alt Penedès,ORDI,2023,3.034628913761,620.2099155914266,3.0,171.0,6.748896242723295,482.0798616856986,2.1397701571290573,0.7344841496082902,14.4,51.3,4.8,0.3
Alt Penedès,ORDI,2024,3.5778,568.3555,3.0,578.0,16.213554540903385,1800.2768565468864,4.322694285236335,3.114644633574311,13.8,1618.4,4.6000000000000005,2.8
Alt Penedès,ORDI,2025,0.136631999600581,557.1321272569509,,635.82,0.6596694872494604,1923.9665340675244,4.828074603152154,3.432281357660467,,2096.03,,3.2965776477619446
Alt Penedès,ORDI,2026,,490.13653202256415,,,,2003.6404787499107,,4.087923155782377,,,,
Alt Urgell,BLAT,2023,64.105502812409,380.2628538648055,64.0,381.0,342.2115973424277,1482.6838740284304,5.399894900155076,3.800578845656912,223.36,525.78,3.49,1.38
Alt Urgell,BLAT,2024,70.3694,377.8002,64.0,341.0,541.9062609747594,2221.277004075579,7.6212118456394835,5.735432211844003,224.0,954.8,3.5,2.8
Alt Urgell,BLAT,2025,60.16197835848442,284.0590295474864,54.12,292.63,514.6570390126725,2012.8605010209897,8.39433520046596,7.005058029515774,374.4,1266.24,6.917960088691796,4.327102484365923
Alt Urgell,BLAT,2026,66.0338657472788,398.4960599212964,,,423.6879462188972,2158.9451549925307,6.416222061576896,5.417732751031278,,,,
Alt Urgell,BLAT DE MORO,2023,253.84911511018296,12.0381123364697,25.0,2.0,2181.331138612635,110.92899282333784,8.508389855049943,9.085730959200054,262.5,6.0,10.5,3.0
Alt Urgell,BLAT DE MORO,2024,361.8232,9.4263,,,3277.0161509094023,82.48569579243242,8.799686883949004,8.736690344583423,,,,
Alt Urgell,BLAT DE MORO,2025,474.769807521486,10.416151909682602,,,4351.235109972941,95.01512793416111,9.08254915692468,9.226694309856532,,,,
Alt Urgell,BLAT DE MORO,2026,456.5955982893651,8.477942503357216,,,4133.897582393234,77.90561783185707,9.05373945320734,9.189212807353544,,,,
Alt Urgell,ORDI,2023,270.9177781792394,669.9290212427131,220.0,539.0,1390.1168195977343,1498.043844753409,5.192919925675645,2.134429100188395,730.4,768.075,3.32,1.425
Alt Urgell,ORDI,2024,213.9631,731.7176,197.0,662.0,1464.0767278614314,2946.2326869978488,6.886067669099677,3.886310257815836,689.5,1853.6,3.5,2.8
Alt Urgell,ORDI,2025,254.1989776032136,673.6929745636262,235.72,633.45,2135.565982349643,4012.988431925585,8.494859988984638,5.783850503030613,1471.84,2588.38,6.24401832682844,4.086163075222985
Alt Urgell,ORDI,2026,291.4478485946073,914.2754441661932,,,2042.3610234667688,4190.1591498990565,7.007638015910058,4.583038051208326,,,,
Anoia,BLAT,2023,12.3112140866186,7398.90080726398,12.0,6284.0,43.86489565015414,14672.847624760909,3.9344491828530903,2.0609301893168404,73.2,4147.44,6.1000000000000005,0.6599999999999999
Anoia,BLAT,2024,5.3482,7146.5276,,7100.0,21.62157422444408,17487.836455063432,4.188734956681125,2.4554152027691645,,9443.0,,1.33
Anoia,BLAT,2025,0.658188185344555,6757.081099990446,,6867.17,2.574696595508199,34311.59989875358,4.6003306131575386,4.903347170209657,,26027.210000000003,,3.790092570884368
Anoia,BLAT,2026,,7680.711547035335,,,,35886.39631528289,,4.672274970296811,,,,
Anoia,ORDI,2023,8.4631542819533,10799.987359112198,8.0,9265.0,33.0930279419911,20329.31744142344,4.0920282840207856,1.887058885812371,39.2,5466.35,4.9,0.5900000000000001
Anoia,ORDI,2024,1.1602,10351.4025,,10287.0,5.934915899106099,25757.863378234644,5.247187141640716,2.4666493771225526,,12118.086,,1.178
Anoia,ORDI,2025,6.935007328408039,10908.625304124513,6.33,10937.93,41.56864204240362,47672.23766919798,6.195672868485175,4.239209324645975,34.18,38108.77,5.399684044233807,3.4840934253556206
Anoia,ORDI,2026,6.144095623024502,11663.49712283757,,,41.36059267982253,52355.680464239376,6.731762527397369,4.488849263033209,,,,
Bages,BLAT,2023,135.31187443668983,4968.848368592629,134.0,1501.0,669.1405324501392,17464.78145187689,4.494982037468612,3.557334883953112,616.4,885.59,4.6,0.59
Bages,BLAT,2024,69.4558,5191.6449,3.0,5253.0,391.09923440115705,23779.6946613067,5.59016086191189,4.475358379979113,13.8,8236.704,4.6000000000000005,1.5679999999999998
Bages,BLAT,2025,90.41080088950538,4683.001709897768,11.94,5055.7,680.5370211274777,29317.654759594312,7.157490683464153,6.103813836573451,59.7,18163.99,5.000000000000001,3.592774492157367
Bages,BLAT,2026,100.5108871472896,5161.008007292687,,,687.9061490967819,25997.177919792444,6.844095884744482,5.037228751255086,,,,
Bages,BLAT DE MORO,2023,0.124578168545,24.275874410233,,,0.962694363643932,143.119039458975,7.727632978455518,7.340627017470067,,,,
Bages,BLAT DE MORO,2024,0.3011,5.8744,,,2.131257553714245,52.0771556211146,6.3709440588845485,8.77606734844118,,,,
Bages,BLAT DE MORO,2025,6.368227106974753,7.35984162325794,,,50.60639984646095,63.119850597752695,7.903279241841279,8.612676200909334,,,,
Bages,BLAT DE MORO,2026,,7.359842430002599,,,,61.27154351818788,,8.325116210153189,,,,
Bages,ORDI,2023,133.42357795619853,10409.012105420526,133.0,3146.0,618.8520826442577,24251.940969813542,4.566221251493363,2.3659791659974787,744.8,1604.46,5.6,0.51
Bages,ORDI,2024,159.1105,8560.9978,8.0,8679.0,1005.4118658259604,31808.33880597455,6.360390241775571,3.747662931864359,42.4,12758.13,5.3,1.4700000000000002
Bages,ORDI,2025,162.41212694264536,9306.81136232929,9.35,9327.72,1207.746214622739,46442.28101529569,7.449116266263552,4.916690837440581,56.1,31711.7,6.0,3.3997268357111925
Bages,ORDI,2026,166.03887438095623,9807.66967209809,,,1121.241901005126,40558.74186100456,6.752887871502737,4.135410675217826,,,,
Baix Camp,BLAT,2023,36.57670121241897,122.9123864125424,36.0,122.0,72.4293269858295,74.96203750906169,1.8263235963361395,0.6472373625343882,53.784,42.944,1.494,0.352
Baix Camp,BLAT,2024,26.1535,39.2309,26.0,40.0,52.75347790240666,42.35188683700553,1.94459820495854,1.054687507389945,15.6,9.6,0.6,0.24
Baix Camp,BLAT,2025,32.09573080224039,22.31478782199824,33.68,31.78,75.46824979528607,59.23199809196392,2.297606237347264,3.059278813257141,133.73000000000002,78.57000000000001,3.9706057007125897,2.472309628697294
Baix Camp,BLAT,2026,31.474966842594394,29.45970061967396,,,93.21623813716047,76.64193210136197,2.9615992481686413,2.601585572467714,,,,
Baix Camp,BLAT DE MORO,2023,,0.33618487852,,,,1.791447183920905,,5.328755986311649,,,,
Baix Camp,BLAT DE MORO,2024,,0.6027,,,,4.633171018691485,,7.762286581810529,,,,
Baix Camp,BLAT DE MORO,2025,5.063865131911786,0.336161723634816,5.38,,27.09921339786078,1.891305271787293,5.351487982388243,5.626176744149143,48.42,,9.0,
Baix Camp,ORDI,2023,45.548579710403104,342.2788841370429,54.0,334.0,199.87851131614,718.0235498694641,4.262095201401887,2.081864412411386,90.99,132.598,1.6849999999999998,0.397
Baix Camp,ORDI,2024,59.9947,256.6684,59.0,253.0,316.6995856451072,772.8611191952778,5.140542684230175,2.7821161882209577,39.3,101.2,0.6661016949152542,0.4
Baix Camp,ORDI,2025,49.26389292457938,200.41107933624195,49.96,241.89,263.2080523903679,664.4465966115757,5.450091741875484,3.3018401605861007,249.8,677.29,5.0,2.799991731778908
Baix Camp,ORDI,2026,60.81336690276304,231.76296196672803,,,362.5468638392712,796.3637013406401,5.96163117261641,3.436112891303859,,,,
Baix Ebre,BLAT,2024,14.2472,24.22,12.0,22.0,9.914037621781883,3.897046596814445,1.060897209998953,0.3201604226529392,36.0,13.2,3.0,0.6
Baix Ebre,BLAT,2025,11.784008571582314,37.06358078630885,10.69,28.36,38.15764150027201,60.94933306224779,3.0463261199318565,2.393814240570745,41.57,68.77,3.888681010289991,2.424894217207334
Baix Ebre,BLAT,2026,8.64658448433999,33.74161716925896,,,21.4216586661785,9.469771343178255,2.4774705786979494,0.2806555268431502,,,,
Baix Ebre,BLAT DE MORO,2024,16.0669,0.0331,10.0,,131.79787267826663,0.264606637319966,7.867867448973433,7.994158227189314,80.0,,8.0,
Baix Ebre,BLAT DE MORO,2025,8.639347016781,,9.45,,79.50921769461127,,8.942764341537092,,94.5,,10.0,
Baix Ebre,BLAT DE MORO,2026,20.619394525004186,,,,170.6084716305605,,8.274174657440668,,,,,
Baix Ebre,ORDI,2024,37.1187,91.9754,34.0,85.0,181.8688603450701,216.3205946325035,4.860394528121032,2.46152591700766,57.8,59.5,1.7,0.7
Baix Ebre,ORDI,2025,30.64566776099744,110.7881377342915,25.88,68.63,189.59220994994143,452.4489627933561,6.249674177499833,4.013984222234291,111.34,167.59,4.302163833075735,2.4419350138423432
Baix Ebre,ORDI,2026,30.67089750732978,109.16867275741882,,,216.75015900625957,466.682773995997,7.066964993589125,4.274878151473015,,,,
Baix Empordà,BLAT,2022,638.3183,1699.034,609.0,1604.0,2692.199834581343,6344.802653695471,4.318069889525381,3.694132811874676,2192.4,4812.0,3.6,3.0
Baix Empordà,BLAT,2023,1051.0975769079512,1738.2549707333771,994.0,1657.0,2538.4409491067872,3968.1396262302674,2.545150744413622,2.296946206854617,1391.6,1822.7,1.4,1.1
Baix Empordà,BLAT,2024,1296.1103,1439.6687,1229.0,1371.0,4961.322315259748,4223.017446704782,3.710258905414393,2.9077957782614123,4301.5,2056.5,3.5,1.5
Baix Empordà,BLAT,2025,772.7661521732603,1664.8706765085956,671.4,1660.89,3979.2844861204026,7420.777041694748,5.003697858623087,4.383293532534282,2080.3,3783.93,3.098450997914805,2.2782544298538734
Baix Empordà,BLAT,2026,530.6806337120487,1569.6506666277464,,,3051.9059492385118,7181.93344569147,5.750927686753495,4.575497974413129,,,,
Baix Empordà,BLAT DE MORO,2022,2682.6142,284.101,2079.0,214.0,22506.342279353565,2534.208751806953,8.094919044495663,8.741939558142581,18711.0,449.4,9.0,2.1
Baix Empordà,BLAT DE MORO,2023,1415.4402282836436,160.69119259121433,1067.0,118.0,11269.921330900666,1311.7235517434744,7.650115337638601,8.052220031832656,4801.5,94.4,4.5,0.8
Baix Empordà,BLAT DE MORO,2024,685.2621,58.2165,486.0,40.0,5404.402870230755,463.262837422211,7.369696853399793,7.480962754933494,5832.0,32.0,12.0,0.8
Baix Empordà,BLAT DE MORO,2025,2292.7041907196203,143.16309433556304,2044.57,59.05,21288.51813014754,1312.5944033650328,9.22541708331761,9.030416866121591,21774.67,157.37,10.6499997554498,2.6650296359017784
Baix Empordà,BLAT DE MORO,2026,2482.3231161919093,161.80354149013232,,,21403.83283179751,1364.0084683128523,8.622500709993295,8.430028513288365,,,,
Baix Empordà,ORDI,2022,755.3772,3276.4153,711.0,2883.0,3429.180246488184,10800.380035249984,4.867700541079288,3.287412653119602,2204.1,7784.1,3.1,2.7
Baix Empordà,ORDI,2023,858.1063996665133,3460.9372946361136,766.0,3134.0,3172.578349355689,7717.255578564616,3.8961530835625617,2.2449265713759736,995.8,3134.0,1.3,1.0
Baix Empordà,ORDI,2024,1535.0472,3487.3117,1383.0,3138.0,9270.885128553098,12692.81879450776,6.065566101556243,3.663139060112361,4287.3,4079.4,3.1,1.3
Baix Empordà,ORDI,2025,836.4492666574411,3544.837149170904,785.11,3120.54,5267.769433374951,15251.861047930208,6.32311040685325,4.303453729275343,1965.04,5611.450000000001,2.502884946058514,1.7982304344760844
Baix Empordà,ORDI,2026,973.2480354145588,3478.432369419595,,,7091.586393287366,16791.48161295684,7.286514984093112,4.827312947228189,,,,
Baix Llobregat,BLAT,2024,7.6748,12.7653,8.0,13.0,24.76721973511023,22.00067482645801,3.161789052305036,1.5949985081589004,48.0,48.1,6.0,3.7
Baix Llobregat,BLAT,2025,2.475090626886024,52.099430193545146,2.47,72.32,11.183096518856246,182.4339208044389,4.439675840173522,3.6329234364154375,17.04,310.98,6.898785425101214,4.300055309734514
Baix Llobregat,BLAT,2026,,55.40095360935863,,,,187.29586133071825,,3.38073352764598,,,,
Baix Llobregat,BLAT DE MORO,2025,26.03083095949501,0.113644221996746,,,153.32773648395883,0.7898371619748749,6.034813329170435,6.950086402082901,,,,
Baix Llobregat,ORDI,2024,,219.1084,,196.0,,846.5990916863844,,3.9254977826410618,,607.6,,3.1
Baix Llobregat,ORDI,2025,,165.91997596951447,,148.52,,742.9792519425466,,4.317514154962008,,549.52,,3.699973067600322
Baix Llobregat,ORDI,2026,1.934995365470195,235.9834348044918,,,9.300046695990943,1056.435715327342,4.806237194129441,4.476736751469783,,,,
Baix Penedès,BLAT,2023,7.33100769132,50.1693197903895,7.0,53.0,3.5989129409565352,1.757409246625237,0.5244657589777297,0.0217080510926516,10.458,18.656,1.494,0.352
Baix Penedès,BLAT,2024,0.3338,48.3514,,48.0,1.200687081804864,84.53499899030169,3.597025409840815,1.6476160521121694,,17.76,,0.37
Baix Penedès,BLAT,2025,2.858365933451331,70.15960674349047,,75.74000000000001,9.96959260850489,120.27590087862905,3.4926448324333594,1.9095411899278951,,219.11,,2.8929231581726955
Baix Penedès,BLAT,2026,1.351491113447556,72.48750177246902,,,5.416920797463365,241.94264018030813,4.008106855875057,3.3377152511027592,,,,
Baix Penedès,BLAT DE MORO,2026,1.49716535254155,,,,13.014417515644388,,8.692705514158101,,,,,
Baix Penedès,ORDI,2023,19.193034078397,308.1767175859765,19.0,306.0,52.98553261663495,89.27476770994218,2.7460836409727785,0.3191154465363212,32.015,121.482,1.685,0.397
Baix Penedès,ORDI,2024,11.573,285.4688,5.0,294.0,63.56185106279479,844.4455743327793,5.744579306361708,2.857706420749844,8.5,112.82,1.7,0.3837414965986394
Baix Penedès,ORDI,2025,16.476511067061505,376.5404148143774,,380.7,89.00228996965387,1223.2407600306256,5.437934921025739,3.240795556650963,,1104.49,,2.9012083004990807
Baix Penedès,ORDI,2026,14.979345766556117,383.5820613434096,,,88.30234026141802,1405.6463322630916,5.89493971482838,3.6645257271420166,,,,
Barcelonès,ORDI,2024,11.254,,11.0,,72.0868074162603,,6.221749751797972,,57.2,,5.2,
Barcelonès,ORDI,2025,12.567686423594616,,12.54,,79.04028382039519,,6.169522760038675,,70.22,,5.5996810207336525,
Barcelonès,ORDI,2026,12.567692289795596,,,,69.25709060052723,,5.510724562914457,,,,,
Berguedà,BLAT,2023,5.6446281278742,2541.1343608893712,6.0,1916.0,43.1229151232964,11366.456618821405,7.825394958372488,4.433363230639481,31.2,3908.64,5.2,2.04
Berguedà,BLAT,2024,9.977,2578.9969,10.0,2578.0,72.79003115510982,14717.430429245238,7.331510198171137,5.651437846786057,47.0,9657.188,4.7,3.746
Berguedà,BLAT,2025,1.4172594327401349,2505.3432302867527,1.42,2512.61,14.11787581947374,17465.737525645327,9.845608258922056,6.680096567037895,7.24,12220.83,5.098591549295775,4.86379899785482
Berguedà,BLAT,2026,1.4172594327401349,2434.430081283504,,,9.427992085412468,13144.987309614073,6.652269773350071,5.399615873413644,,,,
Berguedà,BLAT DE MORO,2023,0.0687648457497,2.2711041453833,,,0.4850579607369359,14.821568259353052,6.620551761514872,6.254956538434642,,,,
Berguedà,BLAT DE MORO,2024,0.0419,4.2018,,,0.353860577907489,32.09564937867507,8.445359854594019,6.988952295376543,,,,
Berguedà,BLAT DE MORO,2025,,1.55755689905357,0.04,,,10.908395869516967,,6.55738668240804,0.56,,14.000000000000002,
Berguedà,BLAT DE MORO,2026,,3.0210565047537377,,,,16.783682998288437,,5.555567389050395,,,,
Berguedà,ORDI,2023,5.6949287853011,3626.124507925933,5.0,2698.0,30.103986399999616,12308.162997550757,5.483745533161829,3.4483401224902543,24.0,4802.44,4.8,1.7799999999999998
Berguedà,ORDI,2024,2.9656,3310.7276,3.0,3310.0,20.88749400243204,15970.95642305801,6.720963839342997,4.915845507050254,12.9,13445.35,4.3,4.062039274924471
Berguedà,ORDI,2025,10.067777854109796,3769.437873195984,9.93,3892.65,91.03387016731418,22541.405367786705,8.761118374694938,5.88595372691318,46.67,16446.45,4.699899295065459,4.225000963354013
Berguedà,ORDI,2026,4.297443643653751,3673.897364970276,,,31.35341012684294,18324.27262476009,7.295828107750542,4.987693123786638,,,,
Cerdanya,BLAT,2023,120.7787937837579,282.4612214377504,114.0,214.0,565.8762847197075,967.8602485457042,4.78566051087846,3.4218188671027137,114.0,214.0,1.0,1.0
Cerdanya,BLAT,2024,156.0859,279.5009,39.0,137.0,886.8163218139326,1224.8211013249484,5.664041366299292,4.457588326149903,136.5,342.5,3.5,2.5
Cerdanya,BLAT,2025,177.69037175421346,283.0343756814031,57.63,133.22,1113.3646568864142,1534.243587132341,6.075382405033288,5.5134402635275634,148.67999999999998,228.71,2.5799062988027064,1.7167842666266326
Cerdanya,BLAT,2026,214.5525165157781,377.0547153200957,,,1501.698419574723,2100.006152468355,6.99921140036728,5.569499775876248,,,,
Cerdanya,BLAT DE MORO,2023,8.26840657615,16.1638282444642,,,66.9094199915831,99.72499734336267,7.63225410269072,6.405360783835587,,,,
Cerdanya,BLAT DE MORO,2024,19.581,2.3753,,,149.5065587785791,16.990991429106366,7.422773176197474,7.036201046619198,,,,
Cerdanya,BLAT DE MORO,2025,36.15360808334472,13.717929005410785,,,287.78768316581375,97.4579605631912,7.766151206616416,7.400342117284531,,,,
Cerdanya,BLAT DE MORO,2026,31.82368753016464,7.15588985759649,,,250.3128659892241,56.34072684085661,7.8656147485096,7.873336225409742,,,,
Cerdanya,ORDI,2023,52.6022256579037,152.9686416851229,41.0,119.0,188.6583767426391,188.28472132547984,3.754048773116736,1.381517274998603,45.1,130.9,1.1,1.1
Cerdanya,ORDI,2024,49.9349,93.7414,8.0,60.0,252.98956494732948,247.39221760266088,5.141844688576691,2.623607668389291,28.0,150.0,3.5,2.5
Cerdanya,ORDI,2025,43.86245362497744,99.61363402243408,2.95,59.400000000000006,214.9764832911493,312.423218116856,4.90858520884218,2.891454716403405,7.89,111.97,2.6745762711864405,1.8850168350168348
Cerdanya,ORDI,2026,53.00214553437814,126.32111373657172,,,274.8201564228399,340.6261198394527,5.185076069129817,2.6965097897235903,,,,
Conca de Barberà,BLAT,2023,9.7001648498086,6227.540889027389,7.0,5089.0,25.897019988486157,11899.472550993374,2.604182505592903,1.7971865214727074,20.923,7175.49,2.989,1.41
Conca de Barberà,BLAT,2024,7.9633,6270.6317,6.0,6084.0,38.0950585565656,15297.161116542851,4.77969435407828,2.30470344271328,18.0,7909.2,3.0,1.3
Conca de Barberà,BLAT,2025,4.600089285006874,5868.418969369739,,5724.7,28.90081467415518,30804.799728324968,6.567006273366871,5.166818532189441,,27441.97,,4.793608398693381
Conca de Barberà,BLAT,2026,6.204099691522355,5727.699739397765,,,41.82414297756268,29640.42048277658,6.741371843962089,5.174925682450858,,,,
Conca de Barberà,BLAT DE MORO,2023,,0.74195789946,,1.0,,4.855232076022737,,6.543810746615671,,3.5,,3.5
Conca de Barberà,ORDI,2023,13.3035532803494,8936.45756314667,12.0,8702.0,43.90117484277028,14576.482092056847,3.713509104245717,1.4705545895241716,40.452,13836.18,3.371,1.59
Conca de Barberà,ORDI,2024,14.4649,7936.929,12.0,7703.0,75.80325077960046,19209.186809403687,4.996239191311675,2.322524874435689,40.8,12324.8,3.4,1.6
Conca de Barberà,ORDI,2025,12.10447619855779,9028.555919123986,10.68,8747.390000000001,82.80574142572506,38710.44239546359,6.830146884268269,4.242897458900305,63.01,43739.39,5.899812734082397,5.000278940346777
Conca de Barberà,ORDI,2026,12.089367761254469,9163.602519938162,,,84.29347245842979,42966.692453820266,6.972529426111443,4.688842882516277,,,,
Garraf,BLAT,2023,,5.207097981266,,,,0.0,,0.0,,,,
Garraf,BLAT,2024,,5.4127,,5.0,,4.582728845559727,,1.1023146956785983,,19.0,,3.8
Garraf,BLAT,2025,,11.466179191717842,,20.34,,19.05968830425331,,1.72583808106793,,81.02,,3.983284169124877
Garraf,BLAT,2026,,17.15625367023147,,,,40.81740442959821,,2.3791560333723782,,,,
Garraf,BLAT DE MORO,2025,0.162822422683391,,,,1.114261937173275,,6.843418239390545,,,,,
Garraf,ORDI,2023,,47.380948339935,,,,15.983396825361014,,0.346336055488726,,,,
Garraf,ORDI,2024,,31.3056,,32.0,,92.96928458902752,,2.8974844533057045,,112.0,,3.5
Garraf,ORDI,2025,,40.4391473735846,,48.37,,110.13051384776703,,2.862201130030931,,193.48,,4.0
Garraf,ORDI,2026,,7.141779820624726,,,,23.672762770202137,,3.314686725826752,,,,
Garrigues,BLAT,2022,1185.4056,787.0685,1135.0,738.0,7564.315583172304,2652.780106383268,6.254971572587918,3.408883098408781,6129.0,2718.792,5.4,3.684
Garrigues,BLAT,2023,1286.7987256831466,745.3848876597668,1217.0,724.0,6012.800177600794,1100.8843635016217,4.491637630977031,1.8991497015562615,6085.0,0.724,5.0,0.001
Garrigues,BLAT,2024,1436.7169,950.2966,1374.0,904.0,10054.570848662644,2145.8403472779896,6.512567706862681,3.091880738721149,9343.2,813.6,6.800000000000001,0.9
Garrigues,BLAT,2025,1193.939143313579,666.4858549498672,1071.12,660.35,8235.027255916666,3338.5819630740984,6.716385827511586,4.966844008060525,7394.1,2502.4100000000003,6.903148106654718,3.789520708715076
Garrigues,BLAT,2026,1098.4430804223196,764.0237412066866,,,8985.837949249984,4510.83617375589,8.180522149400028,5.904052361817383,,,,
Garrigues,BLAT DE MORO,2022,1688.5319,6.6628,1475.0,6.0,18997.298854484285,71.12687702988138,11.152042185112784,10.56888666437439,14418.125,20.4,9.775,3.4
Garrigues,BLAT DE MORO,2023,127.10332612145778,0.65074068848768,107.0,,907.395449886398,4.641478080965574,7.161464175081386,7.034277398881775,963.0,,9.0,
Garrigues,BLAT DE MORO,2024,349.987,2.4658,305.0,1.0,3034.70985808858,19.78829455588164,8.198452310799864,8.196761347913235,3141.5,1.8,10.3,1.8
Garrigues,BLAT DE MORO,2025,1161.8175659108051,3.838444264301897,1018.07,,12779.996723913408,39.80350670550053,10.74635239740044,10.018031997051372,11198.77,,11.0,
Garrigues,BLAT DE MORO,2026,1236.9020876930522,5.122325522215829,,,12981.947804028154,52.23598641634006,10.49553390943078,10.197709261113824,,,,
Garrigues,ORDI,2022,785.5789,3066.8145,722.0,2911.0,4780.857073645399,8463.800829491247,6.031325280637006,2.7000211694778504,4332.0,7757.815,6.0,2.665
Garrigues,ORDI,2023,953.8246003290488,3086.248097901393,909.0,2950.0,4106.505149304871,2578.987339570833,4.167609107193957,0.9156697311038604,4090.5,2.95,4.5,0.001
Garrigues,ORDI,2024,1541.0818,2251.117,1466.0,2144.0,9254.999268045218,4093.161587905116,5.744380087989648,2.059560359468409,10408.6,2787.2000000000003,7.1000000000000005,1.3
Garrigues,ORDI,2025,1124.1878832285984,2509.773384440898,1066.39,2424.62,7481.978165596327,9790.980564627547,6.653175906193522,3.974319908990356,7364.3,9659.36,6.905822447697371,3.9838655129463594
Garrigues,ORDI,2026,1081.2896437999404,2751.4863394681006,,,7973.156343413827,11744.31409069794,7.373747070575862,4.2683526798713,,,,
Garrotxa,BLAT,2022,290.7073,793.3513,233.0,635.0,2146.040463801164,4276.607950397287,7.586783843852374,5.463179001178353,1351.4,2857.5,5.800000000000001,4.5
Garrotxa,BLAT,2023,244.9603732545795,819.8033172247394,101.0,332.0,1655.6517180480266,4875.117347989517,7.577085630147556,6.2304514762114085,606.0,1494.0,6.0,4.5
Garrotxa,BLAT,2024,226.0877,869.3872,196.0,742.0,1926.678222847968,6172.483101316652,8.60435813743106,7.082857677478363,833.0,2522.8,4.25,3.4000000000000004
Garrotxa,BLAT,2025,263.8600277279325,779.2123345902363,256.6,705.15,2401.926660141642,6030.194112659479,9.034301193078717,7.764940657226154,1482.4,3378.06,5.777084957131722,4.79055520102106
Garrotxa,BLAT,2026,305.2822009062705,750.2376984086343,,,2947.316833501814,6211.261171087562,9.65440115654406,8.279057669672651,,,,
Garrotxa,BLAT DE MORO,2022,681.0791,646.1634,146.0,225.0,7545.987604563769,6517.570283261441,10.887990535662356,10.1318600702813,1022.0,787.5,7.0,3.5
Garrotxa,BLAT DE MORO,2023,648.2754408228076,503.5233669510204,296.0,224.0,6420.570058177215,4748.47720593622,9.738001275680787,9.477011621062902,2960.0,784.0,10.0,3.5
Garrotxa,BLAT DE MORO,2024,567.6987,381.6339,227.0,154.0,5330.418732267454,3453.3858957833054,9.26691583538539,9.06691397203786,2724.0,1155.0,12.0,7.5
Garrotxa,BLAT DE MORO,2025,644.9868946280282,404.9364495214107,287.43,181.9,5915.249540808955,3698.852537093074,9.106595176071528,9.08422939502716,3765.33,1346.06,13.099989562676129,7.399999999999999
Garrotxa,BLAT DE MORO,2026,649.4448617261135,422.7381361875299,,,6180.955406663159,3857.615812466482,9.51729049058181,9.125308275369823,,,,
Garrotxa,ORDI,2022,86.0526,567.4144,82.0,543.0,635.2639137254146,2797.696208786464,7.439628063922733,4.90660740070483,410.0,1629.0,5.0,3.0
Garrotxa,ORDI,2023,149.7125820376397,828.9170707836722,74.0,399.0,1011.7913957003104,3640.358811128601,6.898307295741422,4.590437042460893,407.0,1596.0,5.5,4.0
Garrotxa,ORDI,2024,176.4774,798.5312,174.0,765.0,1514.2341036260823,4926.028741441901,8.764380373879298,6.213702556891286,696.0,2371.5,4.0,3.1
Garrotxa,ORDI,2025,138.10163437895022,754.0780638199303,131.96,738.59,1298.0803323186751,5154.376144691936,9.384482264274537,6.8303332314802265,712.58,2806.32,5.399969687784177,3.799564034173222
Garrotxa,ORDI,2026,180.33015595566843,806.5848968322327,,,1752.8990355037852,5747.42322932469,9.720498638811746,7.125627137201574,,,,
Gironès,BLAT,2022,653.3293,1881.724,655.0,1884.0,3994.6188188451033,9355.747417353916,6.09121034453279,4.881758985228455,2947.5,6970.8,4.5,3.7
Gironès,BLAT,2023,689.5085147010348,2134.0103965595927,689.0,1091.0,4236.311133835664,11490.45499928011,6.014810269685488,5.32031841804745,2411.5,2945.7,3.5,2.7
Gironès,BLAT,2024,747.5217,1611.1791,523.0,1131.0,5388.626977560993,9456.726760282449,6.994241616899007,5.683906188367645,2353.5,4184.7,4.5,3.7
Gironès,BLAT,2025,696.3793249887851,1851.15086318901,722.69,1872.8,5667.601713719895,12398.65545137541,7.861488287878216,6.686641629004123,3974.8,9323.44,5.500006918595802,4.978342588637335
Gironès,BLAT,2026,622.0379581319312,1631.1256363529974,,,4818.684186042084,10645.44360404853,7.746607940957945,6.5264400036348365,,,,
Gironès,BLAT DE MORO,2022,961.1558,320.0136,120.0,54.0,9867.24922566332,3242.6665448320528,10.176105532871883,9.941793424987022,1404.0,364.5,11.7,6.75
Gironès,BLAT DE MORO,2023,561.2246231431376,173.93063196145815,106.0,28.0,4930.816381361887,1623.3721162286604,9.137504285589738,9.261518344942164,1378.0,98.0,13.0,3.5
Gironès,BLAT DE MORO,2024,383.1167,63.0903,38.0,6.0,3721.701089814306,592.4633449222766,9.438930643655585,9.223795051393074,494.0,45.0,13.0,7.5
Gironès,BLAT DE MORO,2025,772.212548210308,185.8816297116253,151.99,36.31,7316.710349984647,1780.163705621466,9.5477116491404,9.609487843178746,1975.87,272.33,12.999999999999998,7.500137703112089
Gironès,BLAT DE MORO,2026,840.8158035711903,183.3241773032721,,,7667.45992405552,1742.260302559282,9.119072086287602,9.503712648207175,,,,
Gironès,ORDI,2022,553.6381,2014.1326,434.0,1612.0,3588.6772884699085,7850.183796341523,6.541303160240174,3.860010380745377,1679.58,4030.0,3.87,2.5
Gironès,ORDI,2023,553.1215969230514,1983.963228558014,446.0,653.0,3167.51237995646,6709.244486784586,5.86688962040048,3.4265608986535887,1561.0,1632.5,3.5,2.5
Gironès,ORDI,2024,773.1007,2507.0938,464.0,1520.0,5910.289958027969,12996.1148791886,7.574337490246092,5.105917719281423,1763.1999999999998,4256.0,3.8,2.8
Gironès,ORDI,2025,612.0370414223182,2323.2829628595687,486.48,1912.55,4925.814294064156,12945.628354035542,8.140936980496498,5.57509186117866,2189.16,7642.3,4.499999999999999,3.995869389035581
Gironès,ORDI,2026,689.4997081968778,2196.393391667901,,,5628.884456743234,12504.125610892315,8.163722754087052,5.693026421554158,,,,
Lluçanès,BLAT,2022,,1240.8106,,,,5736.768538075224,,4.464880668324991,,,,
Lluçanès,BLAT,2023,0.0867558632394,1276.73317743294,,698.0,0.521074693482022,7456.906206824575,6.006218761769829,5.8096340454857165,,1409.96,,2.02
Lluçanès,BLAT,2024,4.6693,1278.8636,,1149.0,29.17051069006954,7463.240885737464,6.730651758956833,5.79379420315793,,2229.06,,1.94
Lluçanès,BLAT,2025,0.086755294605534,1228.0672840244256,,1097.9299999999998,0.5906095003353415,6931.666553088139,6.807763180573275,5.633205595766023,,5269.139999999999,,4.799158416292478
Lluçanès,BLAT,2026,,1173.2357577501534,,,,5431.272427105493,,4.6293103421265736,,,,
Lluçanès,BLAT DE MORO,2022,,3.347,,,,24.65480038683541,,7.366238538044642,,,,
Lluçanès,BLAT DE MORO,2024,,5.8231,,,,41.01903958213806,,7.1994470347895065,,,,
Lluçanès,BLAT DE MORO,2026,,19.55176481270438,,,,169.9577337989177,,8.692705514158101,,,,
Lluçanès,ORDI,2022,5.604,1320.1312,,,33.75375295875901,5198.097735107039,6.193543377898461,3.856807837242672,,,,
Lluçanès,ORDI,2023,0.0183347370658,1468.1720728356922,,788.0,0.119736001801227,6662.687753009383,6.530554617255548,4.438580667635447,,1158.36,,1.47
Lluçanès,ORDI,2024,0.0868,1456.0577,,1305.0,0.665648005412476,7415.861393138047,7.66875582272438,5.105036652499606,,1898.775,,1.455
Lluçanès,ORDI,2025,4.613709415787556,1644.3828057261644,,1499.5,32.08325657312786,8292.620261898272,6.953896243084325,5.0282211938819215,,6297.9,,4.2
Lluçanès,ORDI,2026,4.613731747658103,1513.215210902321,,,23.97486337952313,6800.746896606351,5.196414679221999,4.494236409737851,,,,
Maresme,BLAT,2022,51.8543,42.8312,52.0,44.0,207.27153484405693,129.7868627428987,3.851559520375039,3.231996384515151,295.88,153.12,5.69,3.48
Maresme,BLAT,2023,74.4695068872527,26.39835120198577,73.0,21.0,314.4101283909193,49.4682022237602,4.026452930940132,1.770432383650317,481.8,25.83,6.6000000000000005,1.23
Maresme,BLAT,2024,100.3508,65.5472,91.0,60.0,581.9741796940682,268.2207098426414,5.400285253743086,4.034272382141594,582.4,222.0,6.4,3.7
Maresme,BLAT,2025,76.91256736373093,38.1169624980385,,123.54,480.6168265430109,186.85768334755528,6.093890330396452,4.660481316880129,,518.87,,4.200016189088554
Maresme,BLAT,2026,85.15212736421303,38.439224327765785,,,464.9549274357248,146.89965714452978,5.460285512856511,3.821608258583403,,,,
Maresme,BLAT DE MORO,2022,126.4261,19.9131,9.0,2.0,1219.3379240348393,197.13097715468027,9.645460353677326,9.447088264641634,71.1,7.74,7.899999999999999,3.87
Maresme,BLAT DE MORO,2023,122.4029290443606,23.2624469665693,,,997.8603744439004,192.1819326924175,8.159487115336766,8.289950172066009,,,,
Maresme,BLAT DE MORO,2024,79.074,11.0557,,,711.1688836136269,101.98742446025209,8.617584834101518,8.608544601029957,,,,
Maresme,BLAT DE MORO,2025,102.56562518559714,13.912170291399113,,,898.8723104325935,126.42119351241551,8.568257543413614,8.771401363301944,,,,
Maresme,BLAT DE MORO,2026,97.41054179484178,16.629865884560136,,,856.0293980296716,136.6897705945668,8.787851727922545,8.219535355451983,,,,
Maresme,ORDI,2022,132.3312,74.7332,134.0,75.0,580.7015772545225,129.12859814350762,4.164653360889051,2.149368448922778,741.02,231.0,5.53,3.08
Maresme,ORDI,2023,97.5429321313948,78.16161699102285,80.0,48.0,399.5142616458504,117.51763034543252,4.295439587741834,1.8369398498027136,504.0,52.8,6.3,1.1
Maresme,ORDI,2024,118.2123,44.2624,135.0,45.0,985.0841457708544,242.21670697954292,8.154551665127519,5.408244580877264,796.5,148.5,5.9,3.3
Maresme,ORDI,2025,109.0842184935387,63.31163217652405,,157.13,844.5596035985982,349.4152568187856,7.728668860008834,5.345377391228907,,581.38,,3.6999936358429326
Maresme,ORDI,2026,107.76996351978212,59.634113144423225,,,799.9941608347823,285.4392136308689,7.423164439393509,4.786508905390876,,,,
Moianès,BLAT,2022,8.7875,822.3872,8.0,820.0,12.773303424997271,2635.4357945819443,1.773646341296846,2.976858518957209,34.4,2181.2,4.3,2.66
Moianès,BLAT,2023,0.907043279049,588.5775391371128,1.0,107.0,3.64019904371261,2182.5275103250906,5.134506922712816,3.737028098076737,4.3,32.1,4.3,0.3
Moianès,BLAT,2024,0.9001,650.9723,,644.0,5.633124416799606,2816.853844386396,6.25833175958183,4.226024475481139,,1176.588,,1.827
Moianès,BLAT,2025,1.712998537582198,493.9631763753032,1.76,590.19,11.10900927724661,2737.5391280612266,6.266742282035388,5.560857367081149,8.98,2065.67,5.102272727272728,3.500008471848049
Moianès,BLAT,2026,1.71298031712442,568.6326141100975,,,7.800456533312722,2403.4339478570864,4.553733896024765,4.226690288629379,,,,
Moianès,BLAT DE MORO,2022,,33.0106,,,,329.8745571087581,,8.695971629189707,,,,
Moianès,BLAT DE MORO,2023,0.035076588466,34.3750809477,,,0.228053192948441,326.5799768868053,6.50157848644529,8.040046280740077,,,,
Moianès,BLAT DE MORO,2024,0.0774,24.6355,,,0.620974027510576,223.95500869117384,8.02292025207462,9.157799588841218,,,,
Moianès,BLAT DE MORO,2026,32.85427201148066,,,,287.17599787309814,,8.74090278952907,,,,,
Moianès,ORDI,2022,3.8738,1114.9432,4.0,1125.0,25.99212540809096,3113.3753895248947,6.452327594110538,2.6955375956858227,23.2,2677.5,5.8,2.38
Moianès,ORDI,2023,12.8216798109002,1344.385043521125,9.0,1351.0,63.18598732659236,4547.3456290531085,5.144688044601101,3.302855586338281,50.4,405.3,5.6,0.3
Moianès,ORDI,2024,8.7923,980.8901,,1015.0,62.28740131349112,4417.497372125342,7.038761568099061,4.4460742194956495,,1662.5700000000002,,1.638
Moianès,ORDI,2025,1.895903725565369,943.8595725239912,1.9,1095.35,13.284405405747291,4842.593750752441,7.0068987294098015,5.121533262430462,11.21,3397.07,5.9,3.1013557310448707
Moianès,ORDI,2026,9.013403416820744,1078.823562035322,,,54.821038591527454,4515.442073703096,6.082168527952588,4.185524151126442,,,,
Montsià,BLAT,2024,3.0688,2.2205,3.0,2.0,10.169628954436908,2.138393276720515,3.313878048239347,0.963023317595368,7.2,1.05,2.4,0.525
Montsià,BLAT,2025,,2.648341786206846,0.6,3.43,,1.846023575188925,,0.624135638349064,2.7,13.41,4.500000000000001,3.909620991253645
Montsià,BLAT,2026,3.671793096249578,5.644376950157912,,,15.119001161902512,19.62273397030972,4.117607056166992,3.47651018767638,,,,
Montsià,BLAT DE MORO,2024,8.2576,0.0789,8.0,,71.62083831423773,0.789839107245258,8.329428297921748,9.414537022715812,64.0,,8.0,
Montsià,BLAT DE MORO,2025,4.336900242365596,0.068561838214846,4.47,,43.32831745856944,0.7728013004688006,9.585066676754703,11.271595403366277,44.7,,10.000000000000002,
Montsià,BLAT DE MORO,2026,4.518833137434522,,,,38.30941207039373,,8.477722213957017,,,,,
Montsià,ORDI,2024,96.3254,442.5267,98.0,438.0,434.61182830881967,959.3780695519072,4.531748079123009,2.052177488454699,166.6,295.675,1.7,0.6750570776255708
Montsià,ORDI,2025,89.79876173369462,426.37677345940153,85.95,416.73,496.1238617053408,1460.7521738974535,5.559078545435814,3.171897324914128,507.11,1500.38,5.900058173356602,3.600364744558828
Montsià,ORDI,2026,112.2884856152346,477.1906626748108,,,774.284196856845,1983.8670208363685,6.895490598296884,4.157388599592751,,,,
Noguera,BLAT,2022,4441.2072,9501.6621,4608.0,9785.0,28649.364943170985,42830.12024503766,6.197622438069779,4.4042230999575205,33357.312,23875.4,7.239,2.44
Noguera,BLAT,2023,4672.781612865974,9535.754355785808,4739.0,8558.0,29953.89674774517,34326.69036755864,6.03953508453467,3.698831749807256,18956.0,2995.3,4.0,0.35
Noguera,BLAT,2024,5731.7218,10333.116,5818.0,10375.0,40792.60468391285,52197.53719236386,6.654218996442524,5.132160598412151,31533.56,25418.75,5.42,2.45
Noguera,BLAT,2025,4078.5169093354334,8717.696920218801,4074.53,8924.150000000001,28109.1150282387,55107.964916746416,6.6184661535341895,6.236876191584604,29140.66,29084.66,7.15190709112462,3.259095824252169
Noguera,BLAT,2026,3994.329855051647,8992.759502137222,,,28424.438667804257,46984.80377276272,7.11619713425914,5.2247370522470105,,,,
Noguera,BLAT DE MORO,2022,11398.7555,135.0239,11139.0,142.0,130850.05760967196,1501.4268651652394,11.286545990043166,10.694824064545584,123809.985,355.0,11.115,2.5
Noguera,BLAT DE MORO,2023,4617.439242006374,31.27290629602727,4526.0,48.0,41193.24071517326,215.87958810989505,9.14363806248191,9.26432918614481,40734.0,48.0,9.0,1.0
Noguera,BLAT DE MORO,2024,7053.2523,20.0822,6722.0,4.0,68383.52861036784,179.39313613748922,9.391247357869917,9.468865144188602,77793.706,7.2,11.573,1.8
Noguera,BLAT DE MORO,2025,10229.02144360915,32.30663942467673,9520.86,,107905.5135765896,308.66238312956915,10.321119870812664,10.329730390431829,119010.75,,12.5,
Noguera,BLAT DE MORO,2026,9815.441905375968,19.43272756317032,,,108015.25352014834,206.28980535474523,11.004624606966278,10.61558675611312,,,,
Noguera,ORDI,2022,7556.6776,19289.5468,7805.0,19293.0,47401.44288296546,63612.54260709084,6.051522687778086,3.2618149702061663,58943.36,46978.455,7.552,2.435
Noguera,ORDI,2023,9617.721845886936,20425.95998433909,9660.0,18362.0,53076.644018469946,39525.81126833794,5.139233788092529,1.9437832017812988,43470.0,5508.6,4.5,0.3
Noguera,ORDI,2024,9628.4076,17571.7074,9601.0,17496.0,62276.50563391829,62089.30561492558,6.179275674804996,3.550990103408533,55686.2,49513.68,5.800041662326841,2.83
Noguera,ORDI,2025,9445.424448022057,20530.555984198378,9450.66,20033.68,63385.47426145319,98525.74914589863,6.633499128200836,4.798046434624734,74325.26,71275.26999999999,7.864557607616822,3.5577722115956725
Noguera,ORDI,2026,7719.582904180076,22238.17863486857,,,54683.85155159778,94477.83339326104,7.083783182377252,4.248451950337498,,,,
Osona,BLAT,2022,124.2476,4741.4607,130.0,5996.0,819.5439217236617,25250.76316356728,6.605930900586846,5.234862524505045,644.8,23624.24,4.96,3.94
Osona,BLAT,2023,95.61429710108295,4804.361654084063,95.0,2782.0,705.9050596672912,28718.79404833532,7.403836318714367,5.874967094878496,551.0,3505.32,5.8,1.26
Osona,BLAT,2024,86.2722,3903.515,,3580.0,566.0144006463834,21427.78589089008,6.814913811799719,5.461587000922163,,14019.28,,3.916
Osona,BLAT,2025,88.3141289459136,4075.6078290912105,3.2,4322.509999999999,712.3890172804521,25471.165400878326,8.031829133897588,6.229610970758545,19.52,20707.72,6.1,4.790670235580717
Osona,BLAT,2026,148.99370851134682,4285.373760389854,,,1110.869050287516,23315.300415001144,7.455811801629975,5.440669056805928,,,,
Osona,BLAT DE MORO,2022,168.7309,1303.4906,,75.0,1637.9087654076952,10739.42073996853,9.258056262807845,8.316563876585763,,294.0,,3.92
Osona,BLAT DE MORO,2023,91.4474374590532,452.52041603029016,,,803.7182095371124,3596.55118520814,8.930557665965114,7.97406814896762,,,,
Osona,BLAT DE MORO,2024,87.2874,452.9944,,,709.8263631600609,3355.981660948069,8.009453129743184,7.302993288975681,,,,
Osona,BLAT DE MORO,2025,95.29326037794652,674.2390076436415,,,783.8297734171334,5179.000775783478,8.214112922742618,7.677949822346141,,,,
Osona,BLAT DE MORO,2026,88.04024785367578,322.2740548266431,,,677.3380385570878,2356.049188197751,7.693504449042829,7.310700793041223,,,,
Osona,ORDI,2022,124.7215,2611.3045,131.0,3940.0,789.4178317812025,10224.198683919009,6.223167747260149,3.826505328327668,544.96,12292.8,4.16,3.12
Osona,ORDI,2023,39.6360535865337,2752.5102047835658,40.0,1635.0,298.7230493128791,13445.012940956996,7.540616629124933,4.820776585023209,192.0,1765.8,4.8,1.08
Osona,ORDI,2024,92.4589,3317.7173,,3065.0,742.1305125042259,16679.647320822893,7.853142272870211,5.042387894686941,,10365.83,,3.382
Osona,ORDI,2025,69.41489055867903,3266.1937096606084,25.73,3069.47,572.9526690184575,18670.73065227513,8.2807574047287,5.6928575462412185,128.65,12887.99,5.0,4.19876721388383
Osona,ORDI,2026,85.26533174088597,3119.041988758101,,,629.0908366981273,15356.349490574325,7.378037754076656,4.923418647752386,,,,
Pallars Jussà,BLAT,2023,344.7079969261964,2572.130850135538,330.0,2106.0,2466.883426366419,11504.169426766965,7.125085826468572,4.490882509349758,1320.0,2337.66,4.0,1.11
Pallars Jussà,BLAT,2024,473.5343,2933.6525,315.0,2600.0,3444.8723943808272,16170.975449746942,7.222480162778485,5.500081733276415,1449.0,11440.0,4.6,4.4
Pallars Jussà,BLAT,2025,381.8580447337164,2408.366293639438,378.67,2386.79,2873.6124871149223,14079.543332795452,7.408368959011633,5.698182618750715,2127.51,9975.67,5.618374838249664,4.179534018493458
Pallars Jussà,BLAT,2026,433.7292743974055,2394.2875693923065,,,3017.6975738437045,12800.327105718368,6.95756028466442,5.346194529576586,,,,
Pallars Jussà,BLAT DE MORO,2023,6.5506043557507,,,,50.29731097936272,,7.967921886720134,,,,,
Pallars Jussà,BLAT DE MORO,2024,1.7794,,34.0,,14.30243376264267,,8.445893647258684,,391.0,,11.5,
Pallars Jussà,BLAT DE MORO,2025,0.4011043809492779,,,,3.943675083521637,,9.929177680682145,,,,,
Pallars Jussà,ORDI,2023,906.102786800368,4026.281164451077,868.0,3238.0,5248.362764423778,11401.819417906376,5.736441077010106,2.816168696170264,3732.4,3853.22,4.3,1.19
Pallars Jussà,ORDI,2024,732.6203,3558.6537,726.0,3516.0,5036.051385669728,14529.838420403776,6.7773024755812905,4.118107670939277,3993.0,18750.828,5.5,5.333
Pallars Jussà,ORDI,2025,856.4697076155844,4426.222673049259,849.04,4388.429999999999,6275.820252018872,21909.926542783134,7.312532542603338,4.904137835537535,5947.53,21229.23,7.00500565344389,4.837545545901382
Pallars Jussà,ORDI,2026,864.8476147846604,4430.655545211615,,,6516.93186077653,21517.328514302168,7.535352759687253,4.856466113136868,,,,
Pallars Sobirà,BLAT DE MORO,2025,2.820778851925271,,,,25.68977896360811,,9.107335353877184,,,,,
Pallars Sobirà,BLAT DE MORO,2026,2.820778851925271,,,,24.64647791053621,,8.737472593327976,,,,,
Pallars Sobirà,ORDI,2025,,4.398783219566455,,,,23.900543585893622,,5.3537738598764175,,,,
Pallars Sobirà,ORDI,2026,,9.55356283348583,,,,47.173240678394144,,4.93776421431479,,,,
Pla d'Urgell,BLAT,2022,3859.7127,13.0187,4012.0,13.0,28326.59085836487,68.30817334290784,7.158156681586671,5.479221105101566,28585.5,49.621,7.125,3.817
Pla d'Urgell,BLAT,2023,4622.566131214447,36.89416670501701,4623.0,34.0,29155.463255602044,153.29979328524675,5.8614545487205385,4.965671401375397,18492.0,34.0,4.0,1.0
Pla d'Urgell,BLAT,2024,5249.4275,51.2618,5285.0,50.0,40619.7285387987,218.3762921261474,7.358531340194937,5.860032436230759,31710.0,30.0,6.0,0.6
Pla d'Urgell,BLAT,2025,4063.961831689762,41.836953428582056,4084.44,37.2,30248.686296991094,239.6201431655973,7.27144810436297,5.521776271924427,26396.76,89.28,6.462761112906542,2.4
Pla d'Urgell,BLAT,2026,3504.330205135954,42.19364683851253,,,28542.75927622829,253.3837847366348,8.14499707658712,6.005259173410843,,,,
Pla d'Urgell,BLAT DE MORO,2022,8867.5633,15.1369,6912.0,10.0,105963.14583203485,169.80832324944873,11.820912412064642,10.985160801461484,72230.4,38.25,10.45,3.825
Pla d'Urgell,BLAT DE MORO,2023,3392.949013599904,7.96336800551642,2803.0,3.0,34518.62898102799,75.95723537585845,9.904612042704706,9.92708316968988,28618.63,4.5,10.21,1.5
Pla d'Urgell,BLAT DE MORO,2024,4184.4064,7.0919,3151.0,3.0,44964.3892201516,74.49656339404716,10.561253915417948,10.552503265160835,31510.0,4.5,10.0,1.5
Pla d'Urgell,BLAT DE MORO,2025,6741.180540550984,6.704944798737019,5749.04,,78315.992307157,67.30855431585906,11.419322484236638,9.973548803499396,74737.52,,13.0,
Pla d'Urgell,BLAT DE MORO,2026,6583.350179421279,10.209798901782634,,,77322.46155648795,109.67004725201086,11.745153979229023,10.741646168257285,,,,
Pla d'Urgell,ORDI,2022,2416.4963,185.6882,2223.0,168.0,15426.522603707108,573.2225588069496,6.368513965683536,3.2335553694416763,16788.096,621.264,7.552,3.698
Pla d'Urgell,ORDI,2023,3731.27568903812,176.65121238230603,3365.0,155.0,18390.637978657385,226.767868194465,4.748552163190739,2.292313686060118,14469.5,155.0,4.3,1.0
Pla d'Urgell,ORDI,2024,5274.1392,98.5012,4766.0,111.0,32681.38296306776,240.04880185399787,6.012774323702481,3.362846624194981,28596.0,66.6,6.0,0.6
Pla d'Urgell,ORDI,2025,4401.229056999503,133.86652767962417,4110.08,139.58,30185.815234471847,555.4622464411588,6.853881205432284,4.107427888920489,27011.29,418.74,6.571962102927437,3.0
Pla d'Urgell,ORDI,2026,3666.805128080096,131.45373894974736,,,26952.90148538189,621.0574024902019,7.350513742598091,4.724532047944425,,,,
Pla de l'Estany,BLAT,2022,180.867,2132.7699,183.0,2131.0,1068.3783438964072,9779.078408718073,5.946827698491692,4.531482252051287,915.0,9589.5,5.0,4.5
Pla de l'Estany,BLAT,2023,180.4351982861915,2092.576763134948,171.0,1867.0,944.518251042222,8683.072340355766,5.324159359811799,4.252435914788676,855.0,8401.5,5.0,4.5
Pla de l'Estany,BLAT,2024,283.6216,2097.3883,,2380.0,1834.227108334788,11285.945592483313,6.561243743673403,5.392604932856111,,8092.0,,3.4
Pla de l'Estany,BLAT,2025,195.62770560956787,2046.194586123016,3.72,314.7,1533.8601169051035,13507.15379579747,7.700465440491227,6.553132408797195,12.41,1344.62,3.336021505376344,4.272704162694629
Pla de l'Estany,BLAT,2026,216.0918989692201,1879.835096285553,,,1476.0092829449404,11105.420808805666,6.830470230423501,5.907656916688779,,,,
Pla de l'Estany,BLAT DE MORO,2022,56.3823,40.435,3.0,,557.9137070274064,373.3570825203147,9.372431524119618,9.127702586602163,27.0,,9.0,
Pla de l'Estany,BLAT DE MORO,2023,78.9574909496571,32.20371543505866,11.0,1.0,614.7865767520155,261.01714233993226,7.763565812464846,8.22393239632676,99.0,6.5,9.0,6.5
Pla de l'Estany,BLAT DE MORO,2024,56.8752,27.7842,5.0,2.0,490.2564010549373,233.09788772567012,8.373521475311456,8.353906468097394,45.0,15.0,9.0,7.5
Pla de l'Estany,BLAT DE MORO,2025,88.00291238966439,42.19813086003878,8.42,3.82,718.4730565261791,380.3272281313648,8.192583012819885,9.010762261096822,84.2,28.65,10.0,7.5
Pla de l'Estany,BLAT DE MORO,2026,81.23683439271095,67.16689958844421,,,642.8905577612587,562.16722886407,7.913781507701668,8.369706392712349,,,,
Pla de l'Estany,ORDI,2022,204.8549,1689.0098,213.0,1686.0,1545.388110963577,8720.563156933209,7.462927046613702,5.095786666405632,852.0,6406.8,4.0,3.8
Pla de l'Estany,ORDI,2023,263.7762349978453,2032.5929007579944,231.0,1762.0,1715.9961246907865,8246.745506950207,6.556836605005859,4.101029420051854,1270.5,7929.0,5.5,4.5
Pla de l'Estany,ORDI,2024,183.6784,2154.3628,7.0,2332.0,1487.191913397671,12646.55429415844,8.170510563283031,5.8301743880979,38.5,7229.2,5.5,3.1
Pla de l'Estany,ORDI,2025,262.1081147541692,2218.039866790498,0.12,472.26,2496.031170587096,15182.255877059844,9.438013804864466,6.895978074714074,0.66,2121.89,5.500000000000001,4.493054673273197
Pla de l'Estany,ORDI,2026,210.4157695624299,1952.811575097077,,,1945.694349145998,13072.040393964671,9.246903657421528,6.693958885057737,,,,
Priorat,BLAT,2023,,17.8054318160533,,18.0,,26.299676887110994,,1.369569092939714,,3.798,,0.211
Priorat,BLAT,2024,,0.0928,,,,0.107392826092159,,1.157250281165511,,,,
Priorat,BLAT,2025,,1.834557336061142,,1.89,,8.50837788805018,,5.072712129731485,,0.73,,0.3862433862433863
Priorat,BLAT,2026,,1.834557336061142,,,,7.85870341944064,,4.28370553755139,,,,
Priorat,ORDI,2023,8.603086541892,135.4567334742887,8.0,122.0,30.252516118169915,154.7345555828352,3.4717474023714985,1.0692867289068155,8.088,29.036,1.011,0.238
Priorat,ORDI,2024,8.6065,135.6569,8.0,115.0,36.16682750603971,305.473953313927,4.159551829577807,2.0462752954176966,8.4,27.6,1.05,0.24
Priorat,ORDI,2025,7.838121714261608,82.94955834882317,,76.64,53.421087221113794,325.13193376124025,6.587535500225376,3.923864139941715,,23.76,,0.3100208768267223
Priorat,ORDI,2026,7.838121714261608,116.61262598225365,,,50.19406269081716,454.8776412915906,6.403838128653722,3.900758065089923,,,,
Ribera d'Ebre,BLAT,2024,0.6169,7.4261,2.0,7.0,0.662016771425285,7.507324027427304,0.6379654730897997,0.8400529383853083,4.0,1.68,2.0,0.24
Ribera d'Ebre,BLAT,2025,0.271368782900609,6.356569640142454,,6.17,0.9174558572307444,15.202041592908271,3.313585462705256,2.605427787515157,,21.6,,3.500810372771475
Ribera d'Ebre,BLAT,2026,,4.394678408781711,,,,17.294290953485575,,3.935280205925212,,,,
Ribera d'Ebre,ORDI,2024,60.7194,99.4742,83.0,96.0,274.3073207678153,158.58150818221046,4.4766570747650185,1.5446324388913502,87.15,23.04,1.05,0.24
Ribera d'Ebre,ORDI,2025,42.98098912235448,76.39509822414904,4.59,10.17,310.4400117831287,320.3822562230396,6.945657873603264,4.2681569888536695,20.66,30.51,4.501089324618737,3.0
Ribera d'Ebre,ORDI,2026,52.154649111368215,65.8746548589829,,,385.3699110699619,295.8234907738907,7.388984829464846,4.490702705117113,,,,
Ripollès,BLAT,2022,,7.0894,,6.0,,40.759782969170224,,5.8348356141790445,,24.6,,4.1000000000000005
Ripollès,BLAT,2023,,6.557927252582,,6.0,,44.83504202278977,,7.60268363675795,,24.6,,4.1000000000000005
Ripollès,BLAT,2024,,2.2249,,,,12.961677903004809,,5.87444598725076,,,,
Ripollès,BLAT,2025,,2.3885255179706477,,,,14.445277876366138,,6.531331999171118,,,,
Ripollès,BLAT DE MORO,2022,,33.1445,,,,322.5404806394,,9.75958689873141,,,,
Ripollès,BLAT DE MORO,2023,,32.22092824422,,,,285.2243339949585,,8.377227549858734,,,,
Ripollès,BLAT DE MORO,2024,,45.2861,,,,444.1745965904968,,9.8474099367203,,,,
Ripollès,BLAT DE MORO,2025,,37.25364625321389,,,,302.7165176164896,,7.979840549434613,,,,
Ripollès,BLAT DE MORO,2026,,34.283066877165915,,,,300.2882748672634,,8.759084359143758,,,,
Ripollès,ORDI,2022,,6.5299,,6.0,,34.88839966503824,,5.344296814853188,,22.8,,3.8
Ripollès,ORDI,2023,,6.530443283135,,6.0,,37.46621514166192,,5.7028644585294535,,15.0,,2.5
Ripollès,ORDI,2024,,4.3486,,4.0,,26.40756835518106,,5.810990337250435,,16.0,,4.0
Ripollès,ORDI,2025,,6.517736858278955,,6.51,,32.84457148831413,,5.056703119319454,,26.69,,4.099846390168971
Ripollès,ORDI,2026,,10.675075306034898,,,,64.33602808773742,,6.026751684961565,,,,
Segarra,BLAT,2023,123.3354066435262,13396.27876222802,124.0,10655.0,470.4333524870237,23650.668470967128,3.440686886811572,1.7984190247071536,434.0,3622.7,3.5,0.3399999999999999
Segarra,BLAT,2024,156.3486,13915.2695,155.0,12432.0,571.3749310903255,31480.994814891244,3.514926877516329,2.185424320467283,465.0,13675.2,3.0,1.1
Segarra,BLAT,2025,72.63450525911698,10702.820929660937,70.98,10864.05,486.7968766566684,60112.20454301247,6.61565876903486,5.44280276996389,456.2,49444.73,6.427162581008735,4.551224451286582
Segarra,BLAT,2026,117.13966480445389,12709.41220164512,,,814.3279355656675,63292.65620054598,6.951769385076003,4.979982960372732,,,,
Segarra,BLAT DE MORO,2024,37.384,,34.0,,251.38444907732244,,6.721514105413728,,476.0,,14.0,
Segarra,BLAT DE MORO,2025,47.047842387487904,,23.96,,376.60959272518807,,8.274884621564352,,299.5,,12.5,
Segarra,BLAT DE MORO,2026,26.833450797146035,,,,269.6323779674074,,10.048367614205072,,,,,
Segarra,ORDI,2023,188.5478771764898,23191.865546088306,183.0,18364.0,813.8638007575196,34112.65445522123,4.242877607567121,1.4962923388896217,640.5,6243.76,3.5,0.34
Segarra,ORDI,2024,151.0098,21956.4927,147.0,18922.0,646.1830266794366,43000.27718809749,4.331839349002085,1.920850849729552,955.5,28380.1,6.5,1.4998467392453227
Segarra,ORDI,2025,200.63869610832765,22027.27929987597,189.86,21155.18,1437.0635456689654,103220.94413873384,7.078516738872557,4.597265965253264,1321.82,97903.52,6.962077320130621,4.627874591471215
Segarra,ORDI,2026,207.26758863739133,26367.8765927106,,,1460.645303018826,119796.26749544272,7.047147663661891,4.543265631353888,,,,
Segrià,BLAT,2022,3626.9514,1244.0968,3707.0,1277.0,23479.57378933739,3989.0159286171183,6.033199662218313,3.207386327912162,16681.5,2554.0,4.5,2.0
Segrià,BLAT,2023,4004.432168379751,1412.122594538748,4830.0,1417.0,27338.353189608384,4464.98024727998,6.55974947552382,3.305921923579783,28593.6,636.233,5.92,0.4489999999999999
Segrià,BLAT,2024,4659.4894,1672.5284,4747.0,1696.0,39490.942873493615,5799.339200980713,7.790039333656727,3.6305237927847953,32279.6,763.2,6.8,0.45
Segrià,BLAT,2025,3695.870326850714,1241.0629317133007,3277.32,1073.63,26612.20028122081,6609.574336149065,6.951790456581009,5.130963260839824,20618.76,3792.47,6.291347808575298,3.532380801579687
Segrià,BLAT,2026,3952.4177174341726,1445.1919387105293,,,31891.840094170904,8038.411448257776,8.068944725527247,5.562175675730685,,,,
Segrià,BLAT DE MORO,2022,13494.902,71.0333,12574.0,41.0,157969.53233090218,751.4047009384557,11.448124084734015,10.721992532311436,119453.0,156.825,9.5,3.825
Segrià,BLAT DE MORO,2023,6093.3159660770825,34.8605329657935,4612.0,,62333.554312833,348.1528605576075,10.260369095391564,10.083899021494574,43168.32,,9.36,
Segrià,BLAT DE MORO,2024,9560.6616,39.6272,8244.0,,101989.9013343899,380.5867714622354,10.349214731093094,9.858567693914235,97279.2,,11.8,
Segrià,BLAT DE MORO,2025,12801.129111292488,22.988698274307765,12288.21,,146167.8120845503,254.3334668172793,11.134672984051235,11.185444117889269,146598.35,,11.930000382480443,
Segrià,BLAT DE MORO,2026,12873.903899445097,10.004327971996306,,,151351.12485637667,113.34172870373185,11.756428045334436,11.329269594218948,,,,
Segrià,ORDI,2022,10814.2859,6632.9359,10522.0,6391.0,70226.58091282635,20558.770619733696,6.11673855538588,2.9448766073321764,74527.326,15977.5,7.083,2.5
Segrià,ORDI,2023,12057.305909638102,6549.179403400733,11776.0,6290.0,67663.37160029834,13408.872334328958,5.288101058371437,1.814308789733308,74141.696,2283.27,6.295999999999999,0.363
Segrià,ORDI,2024,11269.6744,4994.8554,10879.0,4785.0,82146.76135376366,13780.355038722806,6.784088749881739,2.5455119346193817,77240.9,1914.0,7.1,0.4
Segrià,ORDI,2025,10695.801384552176,4842.180813907621,9895.63,4439.2,74776.69890991482,20096.48576092681,6.868786190410008,4.107550752179674,70988.0,13541.28,7.17367161059983,3.0503874571994958
Segrià,ORDI,2026,8314.260680059482,5470.318116035252,,,62149.96905972261,25504.344803283344,7.475104696774792,4.662314743364185,,,,
Selva,BLAT,2022,701.1507,1284.4956,733.0,1318.0,4307.785575389269,5807.863659044225,6.182070268379093,4.565844286390942,3371.8,5008.4,4.6000000000000005,3.8
Selva,BLAT,2023,698.2194720132075,1299.1487637908224,700.0,856.0,4276.334642032267,6438.401156235671,6.2853156801317,5.012244957275391,3080.0,2568.0,4.4,3.0
Selva,BLAT,2024,656.3257,1207.9627,657.0,1213.0,5193.2317446800025,7910.086180950458,7.78980367101463,6.455595024700958,2266.65,3881.6,3.45,3.2
Selva,BLAT,2025,739.3505275190398,1513.542370495285,691.19,1503.96,5904.91053337523,10062.553547716649,8.045437073317014,6.70170530175757,3521.7700000000004,6983.39,5.095227072150928,4.643334929120456
Selva,BLAT,2026,717.9588840955721,1132.3982894130563,,,6052.442950251911,6987.457253430785,8.430069025298435,6.17049435587943,,,,
Selva,BLAT DE MORO,2022,583.9733,60.7197,13.0,1.0,5674.12565038388,555.5732488188966,9.610139352832784,9.288233659795122,162.5,7.0,12.5,7.0
Selva,BLAT DE MORO,2023,519.2195686357708,22.64258198570156,3.0,,4043.9033463434375,174.10929565583675,7.719262219501391,7.735905592368168,27.0,,9.0,
Selva,BLAT DE MORO,2024,438.3973,31.6379,22.0,,4132.683473680069,280.28941513548017,9.271640161342653,8.928772927191243,286.0,,13.0,
Selva,BLAT DE MORO,2025,528.0941406641256,35.244372795285784,30.45,,4801.127907607164,307.9004531974669,9.067300213028773,8.772061832539448,395.85,,13.000000000000002,
Selva,BLAT DE MORO,2026,583.1380097093135,42.68879021708658,,,5513.540221336912,399.4769503775815,9.454949136458003,9.35788876532011,,,,
Selva,ORDI,2022,492.4461,1090.9181,516.0,1178.0,2965.217158799281,3776.582757789675,5.990509394606523,3.4887786379593044,2270.4,4240.8,4.4,3.6
Selva,ORDI,2023,498.840710911521,1101.478426600584,496.0,735.0,2765.755689692068,3679.995857206823,5.714162530426755,3.4586694213458897,2083.2,2094.75,4.199999999999999,2.85
Selva,ORDI,2024,468.1664,1218.3456,469.0,1220.0,3862.0988675728354,7236.377678089628,8.298165389738585,5.895369640000529,1547.7,3782.0,3.3000000000000003,3.1
Selva,ORDI,2025,473.5980746831737,1197.700354203586,490.93,1275.75,3901.570729642373,7108.8784925435,8.370788533644363,5.967040859331499,2405.56,5736.240000000001,4.900006110850834,4.496366843033511
Selva,ORDI,2026,473.27817325765415,1036.0945104697726,,,3950.763118951036,6055.32967115604,8.347655442796489,5.844379648735433,,,,
Solsonès,BLAT,2023,0.9753737006483,6134.119979840095,1.0,3028.0,4.968422023016556,24233.33750579552,5.500320621367926,3.9448949772010016,5.5,6661.6,5.5,2.2
Solsonès,BLAT,2024,1.2234,6327.8261,2.0,8518.0,8.370789111540212,31456.74436317208,6.79349793915972,4.7912457972994895,10.0,27257.6,5.0,3.2
Solsonès,BLAT,2025,14.509042049927906,6807.447495289115,14.33,6756.98,111.46781926557976,51222.56902375398,8.079125428375699,7.184479961951483,98.88,25735.36,6.900209351011863,3.808707440306173
Solsonès,BLAT,2026,14.50904204992821,5730.934588770714,,,88.10368523125413,33630.17071121704,6.072329580965689,5.86818261320109,,,,
Solsonès,BLAT DE MORO,2023,,0.0443810080875,,,,0.384261077665301,,8.658232298547746,,,,
Solsonès,ORDI,2023,25.8700774818436,8210.054329284188,25.0,4363.0,114.61815503989806,17705.371041636445,4.820851595109274,2.136692083136511,137.5,10907.5,5.5,2.5
Solsonès,ORDI,2024,10.5099,7856.8304,10.0,10558.0,46.321766071185486,25417.62557105139,5.442123016397813,3.1667693382399267,48.0,36953.0,4.8,3.5
Solsonès,ORDI,2025,1.5837798803050072,11699.064236235768,0.91,11621.7,13.534450946033516,70187.63938989189,8.43327648727641,5.764764713160592,4.73,46533.69,5.197802197802198,4.004034693719508
Solsonès,ORDI,2026,,9070.5233971169,,,,43687.71945370979,,4.81644967341092,,,,
Tarragonès,BLAT,2023,34.4540318352911,214.4228547039675,2.0,15.0,25.4816362392401,24.443165260823186,0.6751479635781403,0.108191225794164,4.782,5.28,2.391,0.352
Tarragonès,BLAT,2024,6.3506,125.7939,5.0,101.0,17.770279729309827,106.91041240157652,2.2654187411405573,0.7793973655017703,10.0,80.8,2.0,0.7999999999999999
Tarragonès,BLAT,2025,5.946248115618072,148.4591449363055,4.21,140.5,24.503708049676217,341.6270008678426,3.6808895824278554,2.2656683611761186,12.63,349.95,3.0,2.490747330960854
Tarragonès,BLAT,2026,5.946235578182626,156.9673460597242,,,20.413193665672004,328.8101889647431,3.432960803061721,2.094768098070759,,,,
Tarragonès,ORDI,2023,17.16489322860774,459.3999747737788,15.0,447.0,57.45090509435923,483.118140709173,3.546107511591768,0.9666802681146858,25.275,177.459,1.6849999999999998,0.397
Tarragonès,ORDI,2024,17.7712,335.4396,14.0,286.0,85.78508039394815,992.0033346631236,5.033110793945314,2.8591990082301506,23.8,171.6,1.7,0.6
Tarragonès,ORDI,2025,32.74627958881697,565.0946566427131,17.72,420.15,185.26927554247112,2132.517546631364,5.738028730061619,3.594459198414008,58.48,1050.38,3.300225733634312,2.5000119005117223
Tarragonès,ORDI,2026,30.0706469423425,370.166074381553,,,166.406431607533,1263.8150915061851,5.533849402262642,3.4141840081311527,,,,
Terra Alta,BLAT,2024,0.2808,112.6595,,153.0,0.107941450900625,162.5867627893236,0.384406876426726,1.4188588206192427,,76.5,,0.5
Terra Alta,BLAT,2025,,113.70244291315052,,169.28,,504.35155541097583,,4.494852268697399,,177.87,,1.0507443289224954
Terra Alta,BLAT,2026,,126.07311353682904,,,,452.6017945854692,,3.5899945824154904,,,,
Terra Alta,ORDI,2024,3.0314,513.0716,,512.0,14.4163541887618,972.2702894174588,4.702711863108885,1.832605453391396,,218.286,,0.42633984375
Terra Alta,ORDI,2025,3.407404167637687,355.22427982486505,,388.04,22.36408568218235,1806.2349722841984,7.106961047086929,5.04478105561332,,531.14,,1.3687764148025976
Terra Alta,ORDI,2026,3.407404167637687,378.0244027291911,,,18.48430263084506,1391.2290791439991,5.424746147346533,3.680262620878069,,,,
Urgell,BLAT,2022,2797.3301,4442.3499,2736.0,4266.0,16396.65326334519,13023.68147147506,5.812027905857686,2.9149295405037323,16416.0,17332.758,6.0,4.063000000000001
Urgell,BLAT,2023,2712.324577844431,4356.20825591889,2622.0,4150.0,13250.0706028298,6646.361319640634,4.723542536975392,1.4915457197402937,11799.0,2075.0,4.5,0.5
Urgell,BLAT,2024,3091.0224,4864.4584,2955.0,4621.0,18814.285340015274,10419.238387345573,5.876391833843896,2.1719065943846,16252.5,2772.6,5.5,0.6
Urgell,BLAT,2025,2621.4673927360973,3518.249494453716,2568.75,3700.07,19508.46573637432,19000.17962948516,7.287824502086275,5.018132761629144,15313.63,15953.38,5.961510462287104,4.311642752704678
Urgell,BLAT,2026,2637.9458499511666,4067.967381366073,,,19128.847895898296,20982.9138297194,7.251417953197337,5.158083107016724,,,,
Urgell,BLAT DE MORO,2022,2874.2647,34.7,2529.0,23.0,32472.504462279576,381.79903447992416,11.24347600617372,10.148862097770037,23899.05,107.525,9.45,4.675
Urgell,BLAT DE MORO,2023,344.8242199864595,0.60647084410804,234.0,,2164.964989452616,3.899690094971196,6.428323168554745,6.401475173678279,1638.0,,7.0,
Urgell,BLAT DE MORO,2024,330.7674,0.4775,283.0,,2848.384652346276,3.426479242475025,8.219668699366935,6.998565514732254,2830.0,,10.0,
Urgell,BLAT DE MORO,2025,1871.643857394172,2.863178359444783,1673.19,,20131.166123404728,29.13384867871482,10.550933879458857,9.68301696401028,20078.28,,11.999999999999998,
Urgell,BLAT DE MORO,2026,2235.220136500824,5.853391569245509,,,22622.955159066896,53.35361059542959,10.121130706384257,9.11499085004948,,,,
Urgell,ORDI,2022,3115.3126,9515.2783,3038.0,9034.0,18183.737792813863,27128.13180226344,5.757805652165075,2.8470446160665905,16405.2,26198.6,5.4,2.9
Urgell,ORDI,2023,4217.756909758462,10368.268225428212,4041.0,9894.0,17770.055824060768,12187.516266797502,4.1719608427774055,1.1665883203644405,18184.5,3957.6,4.5,0.3999999999999999
Urgell,ORDI,2024,4819.0231,9556.2065,4593.0,9080.0,27098.04417013704,20588.850859611324,5.510947749429755,2.145296955932428,25261.5,5448.0,5.5,0.6
Urgell,ORDI,2025,4164.58166613295,10189.770820448466,3953.92,9700.59,28691.13107374353,45268.053392547336,6.8004082658921,4.328502795865084,25967.91,44139.69,6.567636674490126,4.550206740002412
Urgell,ORDI,2026,4113.366692271995,11535.920053931368,,,29679.667920644628,52240.1285706178,7.215419908078078,4.528475260437914,,,,
Vallès Occidental,BLAT,2022,58.6637,487.9625,,556.0,179.08439869783226,938.9290070919092,3.1070813041183527,1.9872186118020096,,1334.4,,2.4000000000000004
Vallès Occidental,BLAT,2023,58.036471996915,323.1540900077458,5.0,26.0,171.32638696706394,675.6468378624885,3.448470552453499,2.54461062261547,27.5,7.8,5.5,0.3
Vallès Occidental,BLAT,2024,40.0035,299.0652,,340.0,168.5677961993863,990.4075494904786,4.933905588880865,3.5255701924336136,,1020.0,,3.0
Vallès Occidental,BLAT,2025,49.53498711954165,292.92875990670603,0.88,329.93,333.775210897267,1330.2590427489554,6.650204296422904,4.706911593446478,4.93,1121.76,5.602272727272727,3.3999939381080835
Vallès Occidental,BLAT,2026,42.87391822812375,336.1622877315398,,,193.1986238875856,1051.257531597348,4.5062040483357135,3.127232202908155,,,,
Vallès Occidental,BLAT DE MORO,2022,0.037,0.2843,,,0.245007483721656,2.767917310316835,6.621823884369075,9.735903307480951,,,,
Vallès Occidental,BLAT DE MORO,2023,,0.0544525133961,,,,0.507315966875757,,9.316667592282204,,,,
Vallès Occidental,BLAT DE MORO,2024,,0.2569,,,,2.014297629698876,,7.899164986487593,,,,
Vallès Occidental,BLAT DE MORO,2025,,0.135390951434821,,,,0.9561284634842016,,7.006561669773861,,,,
Vallès Occidental,ORDI,2022,143.0808,1268.7828,,1132.0,717.9244505412536,3349.628749657702,4.9559278298579645,2.622652282566735,,2490.4,,2.2
Vallès Occidental,ORDI,2023,166.8404562414171,1184.3342802787963,2.0,279.0,819.031683195898,3112.3329939425003,5.025449125267659,2.6130308822940496,11.2,83.7,5.6,0.3
Vallès Occidental,ORDI,2024,126.0643,1046.6219,,939.0,823.106481594729,4006.799532675522,6.535763703883885,3.8870965041841785,,2817.0,,3.0
Vallès Occidental,ORDI,2025,138.47295532990435,1226.981235359524,3.09,1232.27,1051.4157749694225,6121.46366541972,7.761198092864416,5.074921001793606,17.61,4392.97,5.699029126213592,3.564941124915806
Vallès Occidental,ORDI,2026,169.835728733089,1342.4184139515894,,,1151.5725078843195,5366.29169941986,6.780507944203613,3.997480698751335,,,,
Vallès Oriental,BLAT,2022,360.2504,818.7071,381.0,862.0,1080.7863405577866,1562.794104115956,3.074648634504014,1.944512065694892,1737.36,2292.92,4.56,2.66
Vallès Oriental,BLAT,2023,347.0640078098176,708.0832663511261,355.0,240.0,1166.625770946065,1387.9002256826827,3.357145652068371,2.0004575281668067,1917.0,122.4,5.4,0.51
Vallès Oriental,BLAT,2024,310.1726,589.0163,249.0,475.0,1317.5518031665122,1767.9458050205285,4.208827049193802,2.938128499423668,1294.8,1472.5,5.2,3.1
Vallès Oriental,BLAT,2025,326.13177323617936,730.0087957571862,263.21000000000004,821.0300000000001,1723.573963856489,2912.272033184397,5.272595150375194,3.937580455014183,1447.42,2954.05,5.499107176778997,3.597980585362288
Vallès Oriental,BLAT,2026,353.1078820106626,780.4440223740274,,,1404.21247696889,2113.4872429822176,3.9767236827822727,2.7080574421637764,,,,
Vallès Oriental,BLAT DE MORO,2022,141.1776,46.4945,7.0,5.0,1122.1198376102109,371.29344357123233,7.9503087800516274,7.436445896764701,60.48,20.0,8.639999999999999,4.0
Vallès Oriental,BLAT DE MORO,2023,31.8599377109055,1.804643732872,,,190.22746589453575,9.439952199010325,6.182154224475853,5.286923511380885,,,,
Vallès Oriental,BLAT DE MORO,2024,54.1781,3.1417,,,347.918348288717,21.160154029621594,6.552262744869337,6.283753127085308,,,,
Vallès Oriental,BLAT DE MORO,2025,121.46188228320273,11.43901275665692,,,766.0308015724488,63.39057362179077,6.272344263681455,5.589699151932192,,,,
Vallès Oriental,BLAT DE MORO,2026,103.093023675032,20.464998889290595,,,698.9313500769289,135.77649188363958,6.779618301623278,6.634571182639637,,,,
Vallès Oriental,ORDI,2022,686.6563,1601.826,703.0,1658.0,3793.8138453819247,4874.194577355501,5.568779244176628,3.083024782473194,3149.44,5289.02,4.48,3.1900000000000004
Vallès Oriental,ORDI,2023,748.9575978818783,1819.154733235126,764.0,446.0,4280.864004746108,5516.803199921284,5.773141824619317,3.134221758459093,3972.8,254.22,5.2,0.57
Vallès Oriental,ORDI,2024,634.2947,1517.9117,502.0,1220.0,4249.867279079918,6463.681235879505,6.716547994543787,4.256672014560685,2459.8,3904.0,4.9,3.2
Vallès Oriental,ORDI,2025,768.3855818404986,1452.7914040768292,473.04,1401.34,6205.141451019016,8283.195211547294,8.107191908547238,5.6901642957795335,2553.05,5184.96,5.397112294943344,3.7000014272053887
Vallès Oriental,ORDI,2026,732.5465260696669,1806.288961459146,,,5280.416257784131,8118.806376934528,7.208301547910079,4.494743947488911,,,,
